NY 1485,"['relevant']"
CRF 668,"['relevant']"
ECON 1110,"['relevant']"
GOVT 1111,"['relevant', 'simulation']"
MATH 2210,"['relevant', 'optimization']"
PHYS 1112,"['relevant']"
PHYS 2213,"['simulation']"
PAM 2100,"['operations research']"
STSCI 2100,"['simulation']"
CS 2110,"['relevant', 'machine learning', 'digital libraries', 'project management', 'natural language processing', 'operations research', 'optimization']"
MATH 1110,"['simulation']"
MATH 1910,"['relevant']"
CRP 2000,"['crp']"
CRP 2300,"['crp']"
CRP 3072,"['crp']"
CRP 3090,"['crp']"
CRP 3320,"['crp']"
CRP 3310,"['crp']"
CRP 3301,"['crp']"
CRP 5610,"['crp']"
CRP 4770,"['crp']"
CRP 6790,"['crp']"
EDUC 5030,"['relevant']"
ENTOM 3350,"['relevant']"
SOC 3413,"['relevant', 'simulation']"
MATH 7880,"['operations research']"
ORIE 6300,"['data driven', 'mechanism design', 'operations research', 'optimization']"
ORIE 6325,"['optimization']"
ECE 5800,"['optimization']"
ECON 6190,"['econometrics']"
IECON 6200,"['econometrics']"
ECON 7190,"['econometrics']"
MATH 6710,"['machine learning']"
ORIE 6700,"['machine learning', 'optimization', 'simulation']"
BTRY 4090,"['operations research']"
IPHYS 7651,"['relevant']"
CRP 6010,"['crp']"
CRP 6012,"['crp']"
CRP 5120,"['crp']"
CEE 6930,"['optimization', 'simulation']"
CRP 5450,"['econometrics', 'crp']"
CRP 6210,"['relevant', 'crp', 'optimization', 'simulation']"
CRP 3270,"['crp']"
CRP 4170,"['crp']"
CRP 3540,"['crp']"
CRP 3840,"['crp']"
CRP 4530,"['crp']"
PORT 2190,"['relevant']"
EAS 4910,"['relevant', 'operations research']"
EAS 3510,"['operations research']"
NTRES 4991,"['relevant']"
NS 4010,"['data collection']"
NS 4990,"['data collection']"
BIOSM 1110,"['relevant']"
IARD 4050,"['relevant']"
ILRST 2100,"['econometrics']"
BTRY 6010,"['data mining', 'data collection']"
BEE 1510,"['operations research']"
ORIE 4740,"['data mining']"
COMM 2820,"['relevant', 'data collection']"
CSS 2110,"['simulation']"
CHEM 1570,"['relevant']"
ENTOM 4830,"['engineering principles']"
ENGRD 2700,"['machine learning', 'systems software', 'data mining', 'sql', 'simulation']"
CEE 3040,"['data collection', 'operations research', 'optimization', 'simulation']"
ECON 3190,"['econometrics', 'operations research', 'simulation']"
MATH 2310,"['natural language processing']"
INFO 2950,"['machine learning', 'data mining', 'data visualization']"
CS 2800,"['machine learning', 'data mining', 'natural language processing', 'operations research', 'optimization']"
INFO 2300,"['data driven', 'sql']"
INFO 3561,"['relevant']"
INFO 3200,"['relevant']"
INFO 3300,"['data driven']"
CS 4320,"['data mining']"
LING 4474,"['natural language processing']"
CS 4620,"['simulation']"
CS 4780,"['machine learning']"
ORIE 4800,"['operations research']"
CS 5780,"['machine learning', 'data mining']"
ECON 3130,"['relevant']"
LA 4120,"['project management']"
LA 2610,"['crp']"
LA 7920,"['relevant']"
NS 3310,"['relevant']"
NS 3320,"['relevant']"
HORT 1101,"['relevant']"
SOC 1101,"['ux']"
NBA 5600,"['enterprises']"
NBA 5610,"['enterprises']"
AEM 4100,"['relevant', 'crp']"
AEM 4110,"['econometrics']"
PAM 2000,"['enterprises', 'simulation']"
ECON 4540,"['econometrics']"
AEM 6420,"['relevant']"
NS 6420,"['relevant']"
AEM 6510,"['data collection']"
ECON 6090,"['econometrics', 'mechanism design']"
AEM 7100,"['econometrics']"
AEM 7110,"['econometrics']"
AEM 7130,"['optimization']"
ECON 6170,"['optimization']"
ANSC 2140,"['relevant']"
MATH 2930,"['relevant']"
BEE 3500,"['optimization', 'simulation']"
MATH 2940,"['data mining', 'optimization', 'simulation']"
BEE 4590,"['engineering principles']"
BEE 4730,"['operations research']"
BEE 4750,"['modeling simulation', 'optimization', 'simulation']"
BEE 4890,"['project management']"
STSCI 2200,"['data visualization']"
BTRY 4070,"['relevant']"
MATH 4710,"['systems software']"
COMM 6100,"['relevant']"
CSS 4050,"['simulation']"
CSS 4130,"['optimization']"
CSS 4110,"['data collection']"
CRP 6290,"['crp']"
DSOC 6190,"['data handling']"
EAS 9510,"['econometrics']"
BIOEE 3510,"['relevant']"
EDUC 6010,"['relevant']"
BIONB 2210,"['optimization']"
BIOMG 4320,"['relevant']"
CEE 5970,"['relevant', 'data analytics', 'operations research']"
FDSC 2000,"['engineering principles']"
FDSC 4100,"['data collection']"
HORT 1105,"['relevant', 'data collection']"
FDSC 6950,"['relevant']"
HORT 3000,"['relevant']"
HORT 6460,"['ux']"
CS 3300,"['data driven']"
CS 4740,"['natural language processing']"
ARKEO 2610,"['crp']"
CRP 3600,"['crp']"
NTRES 4100,"['simulation']"
STS 2200,"['data visualization']"
NTRES 3240,"['relevant']"
CRP 4440,"['crp']"
NTRES 9900,"['relevant']"
BIOMG 3310,"['relevant']"
ARCH 6304,"['relevant']"
ENGRD 2110,"['digital libraries', 'operations research', 'optimization', 'simulation']"
ARCH 3806,"['enterprises']"
ART 1507,"['relevant']"
CS 5640,"['simulation']"
CRP 1100,"['crp']"
CRP 1101,"['crp']"
CRP 1106,"['crp']"
CRP 2010,"['crp']"
CRP 4040,"['crp']"
ECON 3200,"['econometrics']"
CRP 3010,"['crp']"
CRP 3011,"['crp']"
CRP 6011,"['crp']"
CRP 5072,"['crp']"
CRP 5090,"['crp']"
CRP 3101,"['crp']"
CRP 6101,"['crp']"
CRP 3102,"['crp']"
CRP 6103,"['crp']"
CRP 3105,"['crp']"
CRP 6105,"['crp']"
CRP 3111,"['crp']"
CRP 6111,"['crp']"
CRP 3180,"['crp']"
CRP 5180,"['crp']"
CRP 3201,"['crp']"
CRP 6201,"['crp']"
CRP 3202,"['crp']"
CRP 6202,"['crp']"
CRP 3210,"['crp']"
CRP 3308,"['crp']"
CRP 3430,"['crp']"
CRP 6430,"['crp']"
CRP 3502,"['crp']"
CRP 6502,"['crp']"
CRP 3504,"['crp']"
CRP 6504,"['crp']"
CRP 3506,"['crp']"
CRP 6506,"['crp']"
CRP 3601,"['crp']"
CRP 6601,"['crp']"
CRP 3602,"['crp']"
CRP 6602,"['crp']"
CRP 3610,"['crp']"
CRP 6610,"['crp']"
CRP 3650,"['crp']"
FGSS 3600,"['crp']"
CRP 3720,"['crp']"
CRP 3760,"['crp']"
CRP 6760,"['crp']"
CRP 3801,"['crp']"
CRP 6801,"['crp']"
CRP 3810,"['crp']"
CRP 5810,"['crp']"
CRP 3850,"['crp']"
CRP 3860,"['crp']"
CRP 6860,"['crp']"
CRP 3900,"['crp']"
CRP 7850,"['crp']"
CRP 3910,"['crp']"
CRP 4080,"['crp']"
CRP 5080,"['crp']"
CRP 4120,"['crp']"
CRP 6120,"['crp']"
CRP 4160,"['crp']"
CRP 5170,"['crp']"
CRP 5440,"['crp']"
CRP 4590,"['crp']"
CRP 5590,"['crp']"
CRP 6770,"['crp']"
CRP 4900,"['crp']"
CRP 4920,"['crp']"
CRP 4930,"['crp']"
CRP 4970,"['crp']"
CRP 3851,"['crp']"
CRP 3852,"['crp']"
CRP 3853,"['crp']"
CRP 3854,"['crp']"
CRP 3855,"['crp']"
CRP 3856,"['crp']"
CRP 5071,"['crp']"
CRP 5073,"['crp']"
CRP 5074,"['crp']"
CRP 5075,"['crp']"
CRP 5076,"['crp']"
CRP 5130,"['crp']"
CRP 5190,"['crp']"
CRP 5230,"['crp']"
CRP 5250,"['crp']"
CRP 5320,"['crp']"
CRP 5330,"['crp']"
CRP 5370,"['crp']"
CRP 5460,"['crp']"
CRP 5530,"['crp']"
CRP 5540,"['crp']"
CRP 5560,"['crp']"
CRP 5600,"['crp']"
CRP 5620,"['crp']"
CRP 5630,"['crp']"
CRP 5640,"['crp']"
CRP 5650,"['crp']"
CRP 5660,"['crp']"
CRP 5670,"['crp']"
CRP 6050,"['crp']"
CRP 6102,"['crp']"
NBA 5950,"['relevant']"
CRP 6220,"['crp']"
CRP 6311,"['crp', 'project management']"
CRP 6320,"['crp']"
CRP 6503,"['crp']"
CRP 6560,"['crp']"
CRP 6570,"['crp']"
CRP 6580,"['crp']"
CRP 6630,"['crp']"
CRP 6650,"['crp']"
CRP 6700,"['crp']"
CRP 6710,"['crp']"
CRP 3901,"['crp']"
CRP 6720,"['crp']"
CRP 6901,"['crp']"
CRP 7770,"['crp']"
CRP 7940,"['crp']"
CRP 7970,"['crp']"
CRP 8000,"['crp']"
CRP 8010,"['crp']"
CRP 8100,"['crp']"
CRP 8300,"['crp']"
CRP 8900,"['crp']"
CRP 8910,"['crp']"
CRP 8920,"['crp']"
CRP 8950,"['crp']"
CRP 9920,"['crp']"
CRP 6090,"['crp']"
CRP 6190,"['crp']"
CRP 6390,"['crp']"
CRP 6490,"['crp']"
CRP 6590,"['crp']"
CRP 6690,"['crp']"
CRP 6890,"['crp']"
CRP 6990,"['crp']"
CRP 7190,"['crp']"
MATH 1105,"['relevant']"
ECON 3210,"['econometrics']"
BIOMG 3850,"['relevant']"
CHEM 3890,"['data mining']"
BIOEE 2650,"['data collection']"
BIOMG 6200,"['relevant']"
NS 3410,"['relevant']"
BIOG 1106,"['relevant']"
BIOG 3010,"['data management']"
BIOMG 7380,"['data collection']"
BME 3300,"['simulation']"
PSYCH 4310,"['relevant']"
BIOPL 482X,"['relevant']"
BIOSM 2100,"['data collection']"
HADM 3374,"['data management', 'sql']"
STSCI 2010,"['relevant', 'ux']"
ORIE 4850,"['operations research']"
CIS 5050,"['optimization']"
MAE 5920,"['optimization']"
SYSEN 5200,"['optimization']"
CIS 6229,"['simulation']"
CS 3110,"['data formats']"
MATH 2220,"['relevant']"
ENGRD 2300,"['data formats']"
CS 4410,"['cloud computing']"
COGST 4740,"['natural language processing']"
ECE 2200,"['relevant']"
ECE 3100,"['relevant', 'optimization', 'simulation']"
CS 4850,"['data mining']"
CS 4999,"['optimization']"
CS 5722,"['optimization']"
CEE 5290,"['optimization']"
ORIE 5340,"['optimization']"
ENGRD 3200,"['optimization']"
CS 6650,"['simulation']"
CS 6742,"['natural language processing']"
CS 6780,"['machine learning']"
CS 7412,"['cloud computing']"
CS 7594,"['data mining', 'optimization']"
STSCI 4500,"['optimization']"
STSCI 4740,"['data mining']"
STSCI 5010,"['data management', 'data mining', 'simulation']"
DEA 4010,"['data collection']"
ENGRD 2030,"['simulation']"
CEE 3230,"['project management', 'optimization', 'simulation']"
CEE 3610,"['relevant']"
ORIE 3300,"['optimization']"
GOVT 3071,"['relevant']"
ARTH 2402,"['relevant']"
ILRHR 2660,"['relevant']"
ILRLE 2400,"['relevant']"
WRIT 7100,"['digital libraries', 'operations research', 'simulation']"
MAE 4272,"['operations research']"
CHEME 3900,"['optimization']"
ECE 3150,"['project management']"
AEP 4230,"['relevant']"
AEP 4900,"['simulation']"
IORIE 4580,"['simulation']"
ICS 4780,"['machine learning']"
ORIE 5126,"['operations research', 'simulation']"
MAE 4291,"['engineering principles']"
MAE 4980,"['relevant', 'operations research', 'simulation']"
ERING244E,"['operations research', 'optimization', 'simulation']"
MATH 3040,"['operations research']"
ORIE 3120,"['optimization']"
ORIE 3310,"['relevant', 'operations research', 'optimization', 'simulation']"
NCC 5540,"['relevant']"
ORIE 4580,"['simulation']"
ORIE 4150,"['data mining', 'operations research']"
ORIE 5600,"['optimization']"
COGST 3300,"['simulation']"
PSYCH 3300,"['simulation']"
NCC 5560,"['relevant']"
CEE 6530,"['relevant']"
CEE 6310,"['simulation']"
VISST 3422,"['operations research']"
IORIE 3310,"['optimization']"
ORIE 5142,"['optimization']"
CHEME 6610,"['data mining', 'operations research']"
CEE 5900,"['project management']"
CEE 5910,"['project management']"
ENGRG 1060,"['operations research']"
ENGRG 3230,"['project management', 'optimization']"
ENGRI 1101,"['operations research']"
AEP 4500,"['simulation']"
AEP 6330,"['operations research']"
BME 6310,"['engineering principles']"
CHEME 6310,"['engineering principles']"
BME 6410,"['engineering principles']"
CHEME 5720,"['project management']"
CHEME 9999,"['relevant']"
CEE 7710,"['simulation']"
CEE 7770,"['optimization']"
CEE 6000,"['simulation']"
CEE 6300,"['simulation']"
CEE 5252,"['optimization']"
ECE 5130,"['optimization']"
SYSEN 6910,"['project management']"
TAM 7530,"['simulation']"
CEE 7711,"['machine learning', 'optimization', 'simulation']"
ECE 4450,"['optimization']"
MAE 5170,"['simulation']"
MAE 7150,"['simulation']"
ORIE 4300,"['optimization']"
ERING300E,"['simulation']"
ORIE 4630,"['operations research']"
ORIE 5127,"['operations research']"
ORIE 5190,"['operations research']"
ORIE 5300,"['operations research', 'optimization']"
ORIE 5310,"['optimization']"
ORIE 5311,"['operations research']"
ORIE 5510,"['operations research']"
ORIE 5580,"['simulation']"
ORIE 5630,"['simulation']"
ORIE 5912,"['relevant']"
ORIE 5960,"['operations research']"
ORIE 6127,"['data driven']"
ORIE 6334,"['optimization']"
ORIE 6350,"['mechanism design', 'operations research']"
ORIE 6500,"['simulation']"
ORIE 7190,"['operations research']"
ORIE 9000,"['operations research']"
SYSEN 5210,"['optimization', 'simulation']"
TAM 9900,"['operations research']"
ER306E,"['operations research']"
ER308E,"['operations research']"
HADM 2236,"['relevant']"
HADM 3387,"['relevant']"
HADM 3301,"['project management', 'operations research']"
HADM 3321,"['relevant']"
HADM 6647,"['relevant']"
HADM 6629,"['simulation']"
HADM 4496,"['project management']"
HADM 9990,"['data collection']"
MS 118,"['relevant']"
DEA 2550,"['project management']"
DEA 4590,"['project management']"
DEA 6590,"['project management']"
FSAD 4010,"['data collection']"
HD 2600,"['relevant', 'data collection']"
HD 4000,"['data collection']"
LING 4270,"['data management']"
LAW 7582,"['relevant']"
HD 6200,"['relevant']"
PAM 3350,"['crp']"
PAM 4010,"['data collection']"
AMST 4998,"['data collection']"
PAM 5310,"['enterprises']"
PAM 5900,"['relevant']"
PAM 6040,"['data collection']"
PAM 6090,"['econometrics']"
ECON 6410,"['econometrics']"
PAM 6420,"['econometrics']"
ILRHR 2600,"['relevant', 'simulation']"
ILRLR 4022,"['relevant']"
ILRHR 4650,"['enterprises']"
ILRHR 4664,"['relevant', 'data driven']"
ILRHR 6910,"['relevant']"
ILRIC 3342,"['relevant']"
ILRLE 5440,"['relevant']"
ILRLE 7410,"['econometrics']"
ECON 7480,"['econometrics']"
ILRLE 7420,"['econometrics']"
ECON 7492,"['econometrics']"
ILRLE 7430,"['econometrics']"
ILRLE 7450,"['econometrics']"
ILRLE 7490,"['econometrics']"
ECON 7720,"['econometrics']"
PHIL 1950,"['relevant']"
ILROB 3700,"['relevant']"
ILROB 6270,"['relevant']"
NCC 5000,"['relevant', 'simulation']"
NCC 5030,"['data collection', 'simulation']"
NCC 5060,"['relevant', 'simulation']"
NCC 5580,"['optimization', 'simulation']"
NBA 5490,"['simulation']"
NBA 6560,"['relevant']"
NCC 5090,"['relevant']"
NBA 6470,"['optimization', 'simulation']"
NBA 5570,"['enterprises']"
NBA 5390,"['relevant']"
NBA 5400,"['relevant']"
NBA 5405,"['relevant']"
NBA 5140,"['relevant']"
NBA 5790,"['relevant']"
NBA 6770,"['simulation']"
NBA 5840,"['relevant']"
NBA 5180,"['data mining']"
NBA 5230,"['data management', 'data driven', 'data mining']"
NBA 6390,"['data driven']"
NBA 6930,"['relevant']"
NRE 5020,"['econometrics']"
LAW 6401,"['relevant']"
LAW 6501,"['enterprises']"
LAW 6561,"['relevant']"
LAW 6781,"['relevant']"
LAW 7310,"['relevant']"
LAW 7921,"['simulation']"
LAW 7931,"['simulation']"
LAW 7961,"['relevant']"
LAW 7975,"['relevant']"
NS 4620,"['relevant']"
ECON 7711,"['econometrics']"
VTMED 5100,"['relevant']"
VTMED 5220,"['relevant']"
VTMED 5400,"['relevant']"
VTMED 5510,"['relevant']"
VTMED 5611,"['relevant']"
VTMED 6526,"['relevant']"
VTMED 6614,"['relevant']"
VETCS 7000,"['relevant']"
VTPMD 6250,"['relevant']"
EDUC 1150,"['econometrics']"
AMST 4997,"['relevant']"
CRP 3103,"['crp']"
GOVT 3111,"['relevant', 'crp']"
VISST 3500,"['relevant']"
ANTHR 3000,"['relevant']"
ANTHR 4992,"['relevant']"
CLASS 7742,"['relevant']"
ASIAN 2292,"['relevant']"
CHLIT 2213,"['relevant']"
SINHA 3301,"['relevant']"
ASTRO 3334,"['simulation']"
PHYS 3314,"['operations research']"
ASTRO 1102,"['relevant']"
ASTRO 6523,"['data mining', 'optimization']"
BSOC 4421,"['crp']"
BSOC 4071,"['relevant']"
CRP 3800,"['crp']"
STS 4311,"['simulation']"
CHEM 3020,"['simulation']"
CLASS 4721,"['relevant']"
COGST 4700,"['relevant']"
COGST 4710,"['relevant']"
PSYCH 6310,"['relevant']"
PSYCH 6910,"['data collection']"
RELST 4260,"['relevant']"
COML 6779,"['relevant']"
ECON 6200,"['econometrics']"
ECON 7200,"['econometrics']"
ECON 7310,"['optimization']"
ECON 7610,"['econometrics']"
GLISH 2880,"['relevant']"
ENGL 6120,"['relevant']"
GERST 2020,"['relevant']"
GERST 2000,"['relevant']"
GOVT 4313,"['simulation']"
PHIL 1940,"['relevant']"
HIST 4000,"['relevant']"
HIST 1511,"['relevant']"
VISST 4150,"['relevant']"
JWST 1105,"['relevant']"
WRIT 7103,"['relevant']"
LATA 2201,"['relevant']"
CRP 6740,"['crp']"
LING 6600,"['relevant']"
LING 6604,"['relevant']"
LING 7710,"['operations research']"
MATH 7900,"['relevant']"
NES	3719,"['relevant']"
NES	4999,"['relevant']"
NES	3105,"['relevant']"
RELST 2212,"['relevant']"
PHIL 6430,"['relevant']"
PHYS	1201,"['relevant']"
PHYS	1204,"['econometrics']"
PHYS	4490,"['econometrics']"
PHYS 7680,"['optimization']"
PSYCH	2800,"['relevant']"
PSYCH	6310,"['relevant']"
PSYCH	6840,"['relevant']"
RELST	2250,"['relevant']"
ITAL	1220,"['relevant']"
SPAN	2190,"['relevant']"
SPAN	2150,"['relevant']"
SPAN	2000,"['relevant']"
STS 4842,"['relevant']"
STS 6301,"['relevant']"
SOC 6180,"['relevant']"
ORIE	4740,"['data mining']"
CS	4780,"['machine learning']"
THETR	2500,"['relevant']"
THETR 7100,"['relevant']"
DANCE	1250,"['relevant']"
VISST	2000,"['relevant']"
PA 1910,"['relevant', 'data mining']"
WRT 105,"['relevant']"
MAT 285,"['optimization']"
SED 340,"['enterprises', 'operations research']"
ETS 184,"['relevant']"
HST 347,"['relevant']"
GEO 367,"['relevant']"
CHE 113,"['relevant']"
CHE 129,"['relevant']"
EAR 203,"['relevant']"
GEO 155,"['relevant']"
PSY 334,"['relevant']"
ANT 131,"['machine learning']"
ECN 203,"['enterprises']"
HNR 250,"['relevant']"
EDU 204,"['data collection', 'enterprises']"
PSC 372,"['relevant']"
MFE 326,"['statistics methods']"
ECN 522,"['econometrics']"
MAS 466,"['data mining']"
ETS 350,"['relevant']"
BIO 422,"['relevant']"
BIO 425,"['methods data analysis']"
EEE 370,"['enterprises']"
BEN 541,"['relevant']"
PAF 410,"['data management']"
CHE 347,"['simulation']"
LIT 421,"['relevant']"
CIS 565,"['optimization']"
CIS 668,"['natural language processing']"
SED 416,"['data driven']"
FSC 490,"['relevant']"
CIS 468,"['natural language processing']"
NAT 461,"['relevant']"
PHY 307,"['relevant']"
PHI 325,"['relevant']"
ANT 633T,"['relevant']"
ANT 684A,"['relevant']"
CAS 101,"['relevant']"
RCAS 201,"['relevant']"
EAR 610I,"['relevant']"
FSC 206,"['relevant']"
FSC 631S,"['relevant']"
FSC 640A,"['relevant']"
GEO 683B,"['data handling']"
IRP 413,"['simulation']"
SOS 575P,"['simulation']"
PHI 575P,"['econometrics', 'simulation']"
ECS 203B,"['engineering principles']"
WRT 627A,"['project management']"
CFS 371,"['relevant']"
SIS 100,"['business intelligence', 'engineering principles', 'data mining', 'project management', 'metadata', 'natural language processing']"
ELE 291,"['simulation']"
CIE 551,"['relevant']"
EEE 451,"['enterprises']"
SHR 247,"['relevant']"
AEE 472,"['relevant']"
MAE 430,"['optimization']"
MAE 571,"['simulation']"
CSE 581,"['data mining', 'sql']"
CIS 341,"['data types']"
CIS 400,"['data mining']"
CIS 471,"['optimization']"
ELE 391,"['simulation']"
NUC 510,"['machine learning', 'systems software', 'operations research', 'optimization', 'simulation']"
ELE 530,"['relevant']"
CEN 551,"['relevant']"
TOTAL 1348,"['relevant', 'engineering principles']"
MEE 571,"['optimization']"
RCIS 471,"['optimization']"
CPS 335,"['data types']"
CPS 506,"['data types']"
CSE 351,"['simulation']"
ELE 464M,"['simulation']"
STS 203B,"['engineering principles']"
CSE 464M,"['simulation']"
RMEE 486,"['engineering principles']"
MFE 429,"['modeling simulation', 'simulation']"
SWK 201,"['relevant']"
SWK 361,"['data collection']"
HTW 624T,"['relevant']"
SWK 202,"['relevant']"
RSWK 499,"['enterprises', 'project management', 'natural language processing']"
GET 375,"['data management']"
GET 487,"['relevant', 'enterprises', 'project management']"
IST 101,"['relevant']"
IST 419,"['relevant']"
IDS 403,"['enterprises']"
RGET 410,"['enterprises']"
IST 565,"['data mining']"
LAW 500,"['relevant']"
EEE 440,"['data management']"
EEE 442,"['enterprises']"
EEE 490,"['enterprises']"
SHR 462,"['data management']"
SCM 456,"['project management']"
EEE 664H,"['enterprises']"
LPP 755L,"['enterprises']"
MSL 401,"['relevant']"
MSL 401H,"['relevant']"
RSOM 499,"['enterprises']"
GRA 447,"['user experience']"
RCOM 408,"['relevant']"
MAG 529,"['optimization']"
FND 117,"['relevant']"
CER 524,"['relevant']"
CMD 352D,"['project management']"
CAR 240,"['data driven']"
CMD 352,"['project management']"
CRS 438,"['simulation']"
OGL 472,"['data security']"
KNM 301,"['data science']"
NY 1321,"['project management']"
ERE 351,"['project management']"
TALOG 2018,"['relevant']"
ID 101,"['relevant']"
COMM 210,"['relevant']"
HIST 150,"['relevant']"
ACC 201,"['relevant']"
PMGT 104,"['simulation']"
BIO 215,"['optimization']"
ENT 342,"['relevant']"
MKG 300,"['simulation']"
ISOM 125,"['relevant', 'business analytics', 'project management']"
JOUR 234,"['relevant']"
WPP 393,"['business analytics']"
ENG 206,"['enterprises']"
HONR 201,"['relevant']"
JOUR 101,"['business analytics']"
GEOL 101,"['relevant']"
HSC 160,"['relevant']"
NREM 101,"['relevant']"
ECON 116,"['relevant', 'optimization']"
PSYS 100,"['relevant']"
SOC 100,"['relevant']"
TDPT 105,"['engineering principles']"
TEDU 102,"['engineering principles']"
CHEM 112,"['relevant']"
EDMU 205,"['relevant']"
CT 466,"['econometrics']"
HONR 499,"['relevant']"
CS 498,"['econometrics']"
HSC 290,"['relevant', 'data management', 'data collection']"
POLS 281,"['relevant']"
SPTA 345,"['relevant']"
BIO 216,"['relevant']"
LA 270,"['engineering principles']"
RMI 270,"['enterprises']"
RMI 330,"['enterprises']"
MGT 300,"['business analytics']"
ISOM 210,"['business analytics', 'business intelligence', 'data mining', 'predictive analytics', 'prescriptive analytics']"
ECON 221,"['business analytics', 'data visualization']"
MATH 132,"['business analytics', 'data mining', 'econometrics']"
ECON 421,"['econometrics']"
MATH 267,"['relevant']"
PLAN 240,"['business analytics']"
CAP 162,"['simulation']"
ARCH 318,"['project management']"
ARCH 329,"['relevant']"
PHYC 110,"['data analytics', 'data mining']"
CHEM 111,"['relevant']"
BL 260,"['relevant']"
TCST 104,"['relevant', 'project management']"
TCST 299X,"['relevant']"
TCST 400,"['project management']"
LA 201,"['engineering principles']"
ECON 301,"['econometrics']"
ISOM 300,"['business analytics', 'project management', 'sql', 'data visualization']"
ECON 351,"['econometrics']"
BA 305,"['business analytics', 'business intelligence', 'data management', 'data driven', 'data mining']"
ECON 424,"['econometrics']"
TCOM 101,"['relevant', 'business analytics']"
TCOM 206,"['business analytics']"
LSCM 361,"['simulation']"
IPO 1810,"['relevant']"
ACC 302,"['enterprises', 'econometrics']"
MATH 321,"['simulation']"
IPO 1811,"['relevant']"
RMI 378,"['business analytics', 'project management']"
CIS 413,"['business analytics', 'data mining', 'predictive analytics', 'data visualization']"
CT 371,"['data science', 'data analytics', 'business analytics', 'data management', 'data driven', 'data mining']"
ISOM 311,"['relevant']"
CIS 317,"['data mining']"
ISOM 415,"['project management']"
ISOM 456,"['business analytics', 'data management', 'data driven', 'data mining']"
TCMP 270,"['simulation']"
TCMP 299X,"['relevant']"
ISOM 361,"['optimization', 'simulation']"
ISOM 475,"['project management']"
FCFN 496,"['relevant']"
FCPM 375,"['simulation']"
MKG 330,"['simulation']"
MKG 369,"['enterprises']"
ICM 1101,"['relevant']"
TCOM 340,"['business analytics']"
ICOM 101,"['relevant']"
SPTA 300,"['business analytics']"
TCOM 422,"['business analytics']"
JOUR 250,"['relevant', 'business analytics']"
JOUR 103,"['business analytics']"
TCOM 334,"['metadata']"
TCOM 391,"['business analytics']"
ADS 241,"['relevant']"
EDPS 250,"['relevant']"
AFA 202,"['relevant']"
ART 200,"['relevant']"
ART 310,"['simulation']"
ART 315,"['simulation']"
MUHI 200,"['relevant']"
MMP 236,"['relevant']"
THEA 150,"['relevant']"
THEA 220,"['relevant']"
BIO 111,"['relevant']"
ANAT 201,"['relevant']"
PHYS 215,"['data collection']"
EXSC 201,"['relevant']"
PEP 161,"['relevant']"
SPCE 201,"['relevant', 'data collection']"
MIL 101,"['relevant']"
BIO 113,"['simulation']"
NUR 230,"['data collection']"
MATH 108,"['relevant']"
AHSC 226,"['relevant']"
CHEM 360,"['relevant', 'data collection']"
NUTR 360,"['data collection']"
SPAA 101,"['relevant']"
CHEM 232,"['relevant']"
ANTH 204,"['data collection']"
CHEM 231,"['relevant']"
CHEM 225,"['relevant']"
MATH 166,"['relevant', 'simulation']"
MATH 215,"['operations research']"
MATH 415,"['data analytics', 'data mining']"
CS 110,"['relevant']"
CS 222,"['data access', 'project management']"
CS 327,"['sql', 'nosql', 'etl']"
CS 410,"['data analytics']"
CJC 369,"['relevant', 'data driven']"
ENG 369,"['relevant']"
IEL 1230,"['relevant']"
NREM 371,"['relevant']"
GEOG 250,"['data collection']"
METC 330,"['relevant']"
SPTA 205,"['relevant']"
MATH 412,"['operations research']"
MATH 320,"['operations research', 'optimization']"
MATH 251,"['operations research']"
FL 150,"['relevant']"
NREM 402,"['relevant']"
METC 450,"['relevant']"
ECON 279,"['simulation']"
ISH 1052,"['relevant']"
ISH 1061,"['relevant']"
SOC 402,"['relevant']"
WGS 499,"['relevant']"
EDEL 100,"['relevant']"
EDTE 480,"['relevant']"
FCED 261,"['relevant', 'engineering principles', 'optimization']"
TEDU 395,"['enterprises']"
SPCE 280,"['data driven', 'data collection']"
SPCE 290,"['relevant']"
ETHN 1200B,"['relevant']"
PLCY 1702M,"['relevant']"
PHP 0100,"['simulation']"
BIOL 0940B,"['relevant']"
CSCI 1570,"['optimization']"
ENVS 1574,"['relevant']"
ENVS 1615,"['relevant']"
FREN 1410U,"['relevant']"
GEOL 1615,"['relevant']"
HIST 0252,"['relevant']"
JUDS 1974,"['relevant']"
LITR 1151O,"['relevant']"
SOC 1950,"['relevant']"
ECON 1400,"['econometrics']"
POLS 1920,"['relevant']"
SOC 1871O,"['enterprises']"
AMST 1901B,"['relevant']"
AMST 2220R,"['relevant']"
APMA 0360,"['data driven']"
APMA 1160,"['optimization']"
APMA 1200,"['operations research']"
APMA 1210,"['operations research']"
APMA 1930U,"['optimization']"
BIOL 1150,"['relevant']"
BIOL 1222A,"['data collection']"
BIOL 1555,"['data science']"
BIOL 1595,"['machine learning', 'natural language processing']"
BIOL 2180,"['relevant']"
BIOL 2222B,"['data collection']"
BIOL 2595,"['machine learning', 'natural language processing']"
PLME 1000,"['relevant', 'optimization']"
CHEM 0970,"['relevant']"
PHYS 0060,"['relevant']"
ENGN 0030,"['optimization']"
CLPS 1900,"['data collection']"
CLPS 2908,"['relevant']"
CSCI 0130,"['user experience']"
CSCI 1300,"['user experience']"
CSCI 0160,"['relevant']"
CSCI 0170,"['natural language processing', 'simulation']"
CSCI 0320,"['relational databases']"
CSCI 1260,"['optimization']"
CSCI 1270,"['optimization']"
CSCI 1410,"['machine learning', 'natural language processing', 'optimization']"
CSCI 1420,"['machine learning']"
CSCI 1450,"['relevant', 'machine learning']"
CSCI 1550,"['machine learning']"
CSCI 1951A,"['data science', 'machine learning', 'data management', 'sql']"
CSCI 1951I,"['data analytics']"
CSCI 1951K,"['mechanism design']"
CSCI 1951R,"['pid']"
CSCI 2270,"['data management']"
CSCI 2950V,"['cloud computing']"
CSCI 2951K,"['machine learning', 'natural language processing', 'optimization']"
CSCI 2952F,"['relevant', 'data analytics']"
ECON 1210,"['econometrics']"
ECON 1620,"['econometrics']"
ECON 1630,"['econometrics']"
MATH 1620,"['machine learning']"
ECON 1960,"['relevant']"
ECON 2020,"['data management']"
ECON 2030,"['econometrics']"
ECON 2060,"['optimization']"
ECON 2150,"['mechanism design']"
ECON 2600,"['econometrics']"
ECON 2950,"['econometrics']"
ENGN 0031,"['optimization']"
MATH 0200,"['relevant']"
ENGN 1420,"['relevant']"
ENGN 1690,"['engineering principles']"
ENGN 1931A,"['relevant']"
ENGN 1931Y,"['modeling simulation', 'simulation']"
ENGN 2020,"['machine learning']"
ENGN 2125,"['project management', 'team management']"
ENGN 2130,"['enterprises']"
ENGN 2180,"['enterprises']"
ENGN 2520,"['machine learning']"
ENGN 2911Q,"['optimization']"
ENGN 2912B,"['data types']"
HIAA 1990,"['relevant']"
JUDS 1976,"['relevant']"
MATH 0070,"['optimization']"
MUSC 1010,"['relevant']"
MUSC 2200,"['relevant']"
PHIL 0600,"['relevant']"
POLS 1470,"['simulation']"
PHP 1560,"['data types', 'simulation']"
PHP 2040,"['data collection']"
PHP 2060,"['data collection']"
PHP 2220C,"['relevant']"
PHP 2360,"['data collection']"
PHP 2550,"['data management', 'simulation']"
PHP 2560,"['data types', 'simulation']"
PHP 2650,"['optimization']"
PHP 2710,"['relevant']"
PLCY 1702F,"['relevant']"
EMOW 1980,"['relevant']"
SAST 1970,"['relevant']"
SLAV 1990,"['data collection']"
SOC 1020,"['relevant']"
SOC 1970,"['data collection']"
SOC 2210,"['data collection']"
SOC 2430,"['relevant']"
APMA 1910,"['relevant']"
PHYS 0030B,"['relevant']"
APMA 1655S,"['machine learning']"
APMA 1720M,"['simulation']"
IECON 1650F,"['econometrics']"
ECON 1670A,"['econometrics']"
ECON 1650F,"['econometrics']"
ANTH 1720T,"['relevant']"
ARCH 1170C,"['relevant']"
ECON 1620I,"['econometrics']"
PHYS 1990S,"['relevant']"
SOC 1050M,"['relevant']"
GREK 1810,"['relevant']"
CLPS 2906,"['relevant']"
CSCI 1950F,"['machine learning']"
CSCI 1300U,"['user experience']"
ETHN 1800,"['relevant']"
HIAA 0010,"['relevant']"
PHIL 0210,"['relevant']"
SANS 1100V,"['relevant']"
MATH 1810A,"['simulation']"
TAPS 0220P,"['relevant']"
CORE 152,"['relevant']"
COSC 150,"['data mining', 'cloud computing']"
CORE 142S,"['relevant']"
ARTS 271,"['relevant']"
ARTS 100,"['relevant']"
PHIL 313,"['relevant']"
SPAN 483,"['relevant']"
SPAN 485,"['relevant']"
CHEM 264,"['relevant']"
BIOL 320,"['data collection']"
PHYS 112L,"['relevant']"
PHYS 233L,"['simulation']"
CHEM 431,"['simulation']"
COSC 101,"['data types']"
MATH 302,"['machine learning']"
MATH 360,"['operations research']"
GEOG 245,"['data collection']"
BIOL 302,"['machine learning']"
ECON 375,"['relevant', 'econometrics']"
ECON 374,"['optimization']"
ECON 475,"['econometrics']"
EDUC 226,"['data collection']"
GEOG 253,"['data management', 'data collection']"
SOCI 253,"['data management', 'data collection']"
ECON 249,"['relevant']"
POSC 365,"['relevant']"
ANTH 452,"['relevant']"
ANTH 211,"['relevant']"
SOCI 453,"['relevant']"
ALST 290,"['simulation']"
UNST 410,"['relevant', 'simulation']"
ENST 490,"['relevant']"
ENST 390,"['relevant']"
ENST 333,"['data collection']"
RELG 236,"['relevant']"
ARTS 201,"['relevant']"
ARTS 251,"['relevant']"
ANTH 221,"['relevant']"
WMST 202,"['data collection']"
PCON 479,"['relevant']"
WRIT 315,"['relevant']"
BIOL 310,"['relevant']"
BIOL 316,"['data collection']"
BIOL 341E,"['relevant']"
COSC 460,"['optimization']"
ECON 360,"['relevant']"
ECON 375L,"['econometrics']"
ECON 381,"['relevant']"
ECON 443,"['relevant']"
ECON 484,"['simulation']"
EDUC 593,"['relevant']"
EDUC 594,"['relevant']"
GEOG 248,"['data collection']"
GEOL 270,"['data collection']"
GERM 477,"['relevant']"
CORE 400,"['relevant']"
CORE 109S,"['relevant', 'data analytics', 'data driven', 'data collection']"
CORE 149S,"['relevant']"
CORE 158S,"['relevant']"
PHIL 228,"['relevant']"
SOCI 454,"['relevant']"
WRIT 303,"['data collection', 'data visualization']"
CO 8090,"['relevant']"
GR 305,"['relevant']"
AN 101,"['relevant']"
CO 352,"['relevant', 'machine learning', 'data mining', 'sql']"
CP 222,"['relevant', 'econometrics']"
FG 215,"['data collection']"
FG 110,"['relevant', 'data collection']"
FR 101,"['relevant']"
AR 201,"['relevant']"
AR 101,"['data collection']"
EYOND 102,"['relevant']"
FYE 2012,"['relevant', 'enterprises', 'operations research', 'optimization']"
ATICS 126,"['relevant']"
GS 233,"['relevant', 'data collection', 'enterprises']"
RE 140,"['relevant', 'enterprises']"
SP 101,"['relevant']"
GS 320,"['metadata']"
ENG 120,"['relevant']"
CSC 121,"['data types']"
ARTH 231,"['relevant']"
ARTS 491S,"['relevant']"
ARTH 231U,"['relevant']"
BLST 390A,"['relevant']"
ANTH 360A,"['operations research']"
CHEM 351C,"['optimization']"
COMM 225I,"['relevant']"
CSC 426C,"['optimization']"
CSC 480,"['sql']"
CFT 430,"['relevant']"
CFT 430S,"['relevant', 'simulation']"
ANTH 255T,"['relevant']"
SOC 320P,"['relevant']"
ECON 375M,"['optimization']"
ECON 430I,"['enterprises']"
ECON 450,"['data collection']"
GEOS 205I,"['data formats']"
KINS 450,"['data collection']"
KINS 450S,"['relevant']"
MUS 351E,"['relevant']"
MUS 333O,"['relevant']"
PHYS 480S,"['relevant']"
REL 257H,"['relevant']"
LR 327,"['data driven']"
AGE 117M,"['data science', 'data mining']"
AGE 128M,"['data science']"
AGE 149M,"['econometrics']"
WY 105,"['econometrics']"
HEORY 4539,"['econometrics']"
MINAR 6302,"['econometrics']"
AGE 151M,"['econometrics']"
AGE 173M,"['simulation']"
AGE 174M,"['cloud computing']"
AGE 175M,"['cloud computing']"
LS 432,"['data science']"
AGE 419M,"['predictive analytics']"
AGE 420M,"['data analytics']"
AGE 437M,"['econometrics', 'predictive analytics']"
AGE 443M,"['business analytics']"
AGE 446M,"['data management']"
AGE 453M,"['data analytics', 'predictive analytics']"
AGE 470M,"['relevant']"
CG 2010A,"['simulation']"
BE 505A,"['econometrics', 'simulation']"
AGE 497M,"['business analytics', 'data mining']"
TIONS 9862C,"['data mining']"
BU 570A,"['data management', 'project management']"
DI 491,"['machine learning']"
AGE 644M,"['machine learning']"
AGE 645M,"['sql']"
IENCE 9772,"['data science']"
EMENT 9852C,"['data science']"
ULTRE 9967,"['data science']"
PHP 9209C,"['sql']"
NET 9195,"['sql']"
AGE 657M,"['machine learning']"
LP 536,"['machine learning']"
AGE 659M,"['machine learning']"
MATIC 6491,"['machine learning']"
AGE 669M,"['project management']"
CTICE 9574,"['metadata']"
ONOMY 9602C,"['data science']"
ONOMY 9865C,"['data science']"
ENGL 435,"['relevant']"
IMATH 250,"['relevant', 'modeling simulation', 'simulation']"
MATH 450S,"['machine learning']"
MATH 260,"['relevant', 'econometrics']"
EAST 490,"['relevant']"
HIST 280,"['optimization']"
MATH 110,"['data collection', 'optimization']"
ECON 380,"['optimization']"
BUSN 155,"['relevant', 'econometrics']"
PRING 2018,"['relevant']"
MATH 300,"['operations research']"
PA 1801,"['open access', 'data visualization', 'optimization']"
MATH 021,"['project management']"
PSYC 001I,"['enterprises']"
AAS 003I,"['relevant']"
SOC 411,"['data collection']"
HUDES 140,"['relevant']"
DBIOS 161,"['data collection']"
SBIOS 342,"['relevant']"
IOS 442,"['relevant']"
MAT 033E,"['relevant']"
CHM 432,"['optimization']"
PHIL 146,"['relevant']"
CSE 160I,"['data science']"
PSYC 423,"['natural language processing']"
CSE 327,"['machine learning']"
COGS 423,"['natural language processing']"
NSEES 022,"['relevant']"
NSEES 080,"['relevant']"
NSEES 093,"['data collection']"
NSEES 201,"['data collection']"
NSEES 318,"['relevant']"
EES 405,"['relevant']"
SSES 093,"['data collection']"
HUES 293,"['data collection']"
SSGS 392,"['relevant']"
SSHMS 294,"['data collection']"
HIST 306,"['relevant']"
SSIR 040,"['simulation']"
IR 389,"['relevant']"
MLL 389,"['relevant']"
ECO 371,"['relevant']"
SJOUR 024,"['data visualization']"
MATH 338,"['machine learning', 'operations research']"
MATH 342,"['data science']"
MATH 312S,"['data mining']"
AMATH 319,"['simulation']"
STAT 471,"['data analytics', 'data mining']"
WGSS 146,"['relevant']"
NSPHY 120,"['data collection']"
NSPHY 382,"['relevant']"
POLS 477,"['data collection']"
PSYC 394,"['relevant']"
SPSYC 110,"['data collection']"
SPSYC 161,"['data collection']"
SPSYC 310,"['data collection']"
SYC 393,"['relevant']"
ANTH 399,"['relevant']"
SANTH 395,"['relevant']"
SSSOC 395,"['relevant']"
OC 412,"['data collection']"
SOC 454,"['relevant']"
WGSS 381,"['relevant']"
WGSS 391,"['relevant']"
WGSS 392,"['relevant']"
UWGSS 091,"['relevant']"
UWGSS 191,"['relevant']"
SWGSS 272,"['relevant']"
UWGSS 291,"['relevant']"
SWGSS 371,"['relevant']"
WGSS 382,"['relevant']"
WGSS 491,"['operations research']"
CRMGT 3013,"['data science', 'business analytics', 'business intelligence', 'data management', 'data mining', 'optimization']"
BUS 225,"['simulation']"
BUS 326,"['simulation']"
ACCT 152,"['relevant']"
ACCT 324,"['relevant']"
CCT 330,"['data analytics', 'machine learning']"
ACCT 444,"['enterprises']"
SCM 186,"['project management']"
IPRE 347B,"['data analytics', 'project management']"
ECO 415E,"['engineering principles']"
BIS 448,"['data analytics', 'business intelligence', 'data mining', 'predictive analytics', 'data visualization']"
BIS 452,"['business analytics', 'machine learning']"
BIS 352,"['business analytics', 'machine learning']"
CO 403,"['data management']"
CO 415,"['econometrics']"
ECO 416,"['econometrics']"
ECO 463,"['mechanism design']"
CO 464,"['econometrics']"
CO 465,"['econometrics']"
ECO 499,"['enterprises']"
FIN 418,"['machine learning']"
GBEN 406,"['enterprises']"
GBEN 424,"['enterprises']"
GBUS 420,"['relevant']"
GBUS 455,"['data mining']"
GBUS 466,"['data collection']"
MBA 401,"['simulation']"
MGT 461,"['relevant', 'simulation']"
MACC 430,"['data analytics', 'machine learning']"
PMGT 409,"['project management']"
MGT 419,"['project management']"
MGT 420,"['project management']"
MGT 421,"['project management']"
BIS 342,"['business intelligence']"
SCM 342,"['business intelligence']"
IS 324,"['data management']"
IS 344,"['cloud computing']"
IS 348,"['data analytics', 'business intelligence', 'data mining', 'predictive analytics', 'data visualization']"
BIS 350,"['project management']"
MGT 350,"['project management']"
FIN 388,"['relevant']"
ISE 364,"['machine learning']"
CSE 241,"['sql']"
CO 274,"['data collection']"
SSECO 345,"['enterprises']"
CO 357,"['econometrics']"
SSECO 367,"['econometrics']"
SENTP 101,"['enterprises']"
BIS 388,"['relevant']"
MGT 301,"['simulation']"
SCM 354,"['simulation']"
KT 347,"['relevant']"
CIE 414G,"['relevant']"
EDUC 403R,"['data driven']"
CIE 408,"['relevant']"
CIE 410,"['data collection']"
CPSY 473,"['data collection']"
SCHP 473,"['data collection']"
EDUC 451,"['relevant']"
EDUC 496,"['data collection']"
EDL 432,"['relevant']"
SPED 405,"['data management']"
TLT 405,"['data management']"
SPED 410,"['relevant']"
TLT 431,"['relevant']"
TLT 476,"['data collection']"
TLT 492,"['data collection']"
EDUC 493I,"['relevant']"
CEE 381,"['engineering principles']"
BIOE 210,"['engineering principles']"
CSE 307,"['simulation']"
CSE 407,"['simulation']"
CSE 109,"['systems software']"
ME 315,"['data types', 'simulation']"
SBIOE 335,"['relevant']"
BIOE 344,"['simulation']"
CHE 344,"['simulation']"
BIOE 345,"['engineering principles']"
CHE 345,"['engineering principles']"
BIOE 407,"['simulation']"
BIOE 307,"['simulation']"
CHE 300,"['simulation']"
HE 233,"['optimization', 'simulation']"
HE 242,"['simulation']"
HE 365,"['simulation']"
ECE 389,"['simulation']"
ME 389,"['simulation']"
ENGR 452,"['relevant']"
CHE 465,"['simulation']"
HE 499,"['engineering principles', 'project management']"
CEE 480,"['simulation']"
CEE 202,"['project management', 'optimization']"
CEE 358,"['simulation']"
EE 364,"['project management']"
EE 406,"['simulation']"
CEE 433,"['optimization']"
CEE 458,"['simulation']"
EE 467,"['optimization']"
CREG 257C,"['data mining', 'optimization']"
CSE 2521,"['data science']"
ECO 360T,"['data science', 'data mining']"
ECO 367A,"['data science']"
CSE 160,"['data science']"
CSE 341,"['optimization']"
CSE 302,"['optimization']"
SE 313,"['simulation']"
SE 319,"['data driven', 'simulation']"
CSE 419,"['data driven', 'simulation']"
NDCSE 326,"['machine learning']"
COGS 327,"['machine learning']"
SE 347,"['data mining']"
CSE 447,"['data mining']"
SE 404,"['simulation']"
CSE 426,"['machine learning']"
CSE 432,"['data types']"
CSE 491,"['relevant']"
CE 310,"['simulation']"
CE 322,"['relevant']"
CE 416,"['simulation']"
CE 422,"['relevant']"
ECE 491,"['relevant']"
ESE 405,"['project management']"
ESE 402,"['optimization']"
EMC 001,"['modeling simulation', 'simulation']"
EMC 115,"['simulation']"
EMC 170,"['data management']"
ISE 357,"['enterprises', 'econometrics', 'project management', 'operations research', 'optimization', 'simulation']"
ISE 305,"['simulation']"
ISE 401,"['optimization']"
ISE 402,"['operations research']"
ISE 407,"['optimization']"
SE 131,"['project management']"
SE 172,"['optimization']"
SE 240,"['optimization']"
SE 316,"['operations research', 'optimization']"
SE 341,"['simulation']"
ISE 347,"['optimization']"
ISE 447,"['optimization']"
SE 355,"['optimization']"
SE 365,"['data mining']"
ISE 406,"['operations research', 'optimization']"
ISE 416,"['optimization']"
SE 417,"['optimization']"
SE 418,"['optimization']"
ISE 419,"['project management']"
ISE 426,"['operations research', 'optimization']"
ISE 431,"['operations research']"
SE 444,"['machine learning', 'optimization']"
SE 455,"['optimization']"
SE 456,"['optimization']"
SE 458,"['mechanism design']"
ISE 465,"['data mining']"
ISE 471,"['team management']"
ISE 499,"['project management', 'operations research']"
AT 363,"['simulation']"
MAT 402,"['simulation']"
ME 402,"['simulation']"
MAT 463,"['simulation']"
ME 252M,"['simulation']"
ME 452,"['relevant']"
ME 401,"['simulation']"
ME 450,"['optimization', 'simulation']"
MECH 012M,"['simulation']"
ME 231M,"['engineering principles']"
BIOE 315,"['data types', 'simulation']"
ME 385,"['optimization', 'simulation']"
ME 485,"['optimization', 'simulation']"
MSE 401,"['simulation']"
ME 458,"['simulation']"
TE 401,"['simulation']"
MECH 445,"['simulation']"
SSGCP 185,"['relevant']"
IBE 150,"['optimization']"
BE 250,"['simulation']"
TE 303,"['data collection']"
ISE 441F,"['data science', 'data mining', 'operations research']"
ISE 444,"['machine learning', 'optimization']"
ISE 455,"['optimization']"
MSE 438,"['enterprises']"
STAT 103,"['natural language processing']"
MATH 131,"['data analytics', 'data visualization', 'optimization']"
BSAD 699,"['data analytics']"
IBUS 201,"['enterprises']"
ISSCM 247,"['sql']"
INFS 348,"['relevant']"
INFS 592,"['data visualization']"
INFS 604E,"['data analytics']"
INFS 605E,"['data analytics', 'business intelligence', 'data mining']"
ISSCM 357,"['project management']"
ISSCM 484E,"['project management']"
MARK 661,"['data analytics']"
MGMT 455,"['enterprises']"
MGMT 481E,"['relevant']"
ANTH 102,"['relevant']"
ANTH 104,"['data management']"
ANTH 223,"['relevant']"
ANTH 326,"['data collection']"
ANTH 366,"['data management']"
BIOL 210,"['data collection']"
MATH 118,"['optimization']"
COMP 170,"['data types']"
MATH 215,"['data security', 'relational databases', 'sql']"
COMP 215,"['data security']"
COMP 271,"['data mining', 'project management', 'relational databases', 'sql']"
COMP 300,"['data mining']"
COMP 329,"['natural language processing']"
COMP 333,"['open data']"
COMP 336,"['relational databases']"
COMP 343,"['relevant']"
COMP 390,"['relevant']"
COMP 453,"['sql']"
COMP 472,"['optimization']"
COMP 477,"['project management']"
UNIV 224,"['relevant']"
BIOI 494,"['data collection']"
FNAR 343,"['relevant']"
FNAR 344,"['relevant']"
FNAR 345,"['relevant']"
FNAR 391,"['relevant']"
MUSC 261,"['relevant']"
MUSC 262,"['relevant']"
DIGH 402,"['project management']"
ENGL 210,"['relevant']"
ENGL 323,"['relevant']"
ENGL 328,"['relevant']"
ENGL 329,"['relevant']"
ENGL 355,"['relevant']"
ENGL 382,"['relevant']"
ENGL 382A,"['relevant']"
ENGL 382B,"['relevant']"
ENGL 382C,"['relevant']"
ENGL 395,"['relevant']"
ENGR 341,"['relevant']"
ENGR 382,"['project management']"
ENGR 361L,"['relevant']"
GIST 301,"['relevant']"
GIST 370,"['relevant']"
HIST 440,"['relevant']"
HIST 493,"['relevant']"
MATH 162,"['optimization']"
MATH 304,"['relevant']"
BIET 395,"['relevant']"
BIET 395A,"['relevant']"
BIET 395B,"['relevant']"
BIET 395C,"['relevant']"
BIET 395E,"['relevant']"
BIET 396A,"['relevant']"
BIET 396B,"['relevant']"
BIET 396C,"['relevant']"
BIET 396E,"['relevant']"
ROST 370,"['relevant']"
THEO 107,"['relevant']"
THEO 203,"['relevant']"
THEO 204,"['relevant']"
RMTD 410,"['relevant']"
TLSC 231,"['relevant']"
TLSC 232,"['relevant']"
TLSC 360,"['relevant']"
TLSC 370,"['relevant']"
BEHL 405,"['relevant']"
BEHL 410,"['simulation']"
BEHL 425,"['relevant']"
MPBH 416,"['relevant']"
ENVS 203,"['relevant', 'data visualization']"
ENVS 350A,"['relevant']"
ENVS 350F,"['relevant']"
IPS 572,"['relevant']"
LAW 245,"['relevant']"
LAW 312,"['simulation']"
LAW 435,"['simulation']"
LAW 464,"['relevant']"
LAW 482,"['simulation']"
LAW 572,"['simulation']"
LAW 598,"['simulation']"
LAW 620,"['relevant']"
LAW 825,"['relevant']"
LAW 918,"['data security']"
FONU 410,"['relevant']"
GNUR 203,"['relevant']"
GNUR 472,"['relevant']"
GNUR 499,"['project management']"
GNUR 500,"['relevant']"
GNUR 512,"['data collection']"
HSM 310,"['project management']"
HSM 358,"['data collection']"
HSM 350,"['project management']"
COMM 100,"['relevant']"
COMM 375,"['optimization']"
COMM 415,"['data mining']"
COMM 422,"['relevant']"
COMM 433,"['project management']"
SOWK 618,"['relevant']"
SOWK 619,"['relevant']"
SOWK 631,"['relevant']"
COMM 433A,"['relevant']"
ECON 303,"['optimization']"
MATH 153,"['optimization']"
ECON 433,"['econometrics']"
ECON 434,"['econometrics']"
ECON 450,"['econometrics']"
ENGS 204E,"['engineering principles']"
POSC 351I,"['relevant']"
POSC 205,"['relevant']"
POSC 457,"['simulation']"
POSC 458,"['simulation']"
SPAN 460,"['enterprises']"
PHIL 475,"['project management']"
PSYC 429,"['data collection']"
PSYC 430,"['data collection']"
RELS 366,"['relevant']"
SOC 307,"['data collection']"
MGMT 430B,"['business analytics', 'data management', 'operations research']"
MUSC 310,"['relevant']"
SPAN 440W,"['relevant']"
IEP 006,"['relevant', 'business analytics', 'data management', 'operations research']"
ACCT 202P,"['business analytics']"
ACCT 201,"['relevant', 'business analytics']"
MGMT 3073,"['business analytics']"
MGMT 406,"['business analytics']"
BUAN 410D,"['business analytics']"
BUAN 317P,"['business analytics']"
ACCT 301,"['enterprises']"
ACCT 303,"['relevant']"
FIN 320,"['business analytics']"
BUAN 205,"['data formats']"
BUAN 310,"['data management']"
CIS 205,"['data formats']"
BUAN 317,"['data visualization']"
BUAN 410,"['data mining']"
BUAN 415,"['business analytics']"
BUAN 427,"['data mining']"
BUAN 440,"['data analytics', 'business analytics', 'nosql']"
CIS 317,"['data visualization']"
CIS 460,"['business analytics']"
LAW 203,"['business analytics', 'econometrics']"
MGMT 201,"['relevant', 'enterprises']"
FIN 442,"['optimization']"
MGMT 305,"['optimization']"
MGMT 441,"['enterprises']"
MKTG 440,"['data mining']"
EDUC 400,"['relevant']"
MATH 432,"['machine learning']"
EDUG 754,"['relevant']"
RHS 436R,"['relevant']"
RHS 412,"['relevant']"
CHML 208,"['engineering principles']"
CHML 305,"['engineering principles']"
ENGS 204,"['engineering principles']"
CHML 211,"['engineering principles']"
CHML 316,"['simulation']"
CHML 405,"['simulation']"
CHML 434,"['optimization']"
CHML 525,"['engineering principles']"
CHML 549,"['simulation']"
CHML 550,"['optimization']"
CIVL 405,"['relevant']"
EECE 410,"['relevant']"
EECE 433,"['engineering principles']"
EECE 448,"['machine learning']"
EECE 453,"['data mining']"
EECE 458,"['engineering principles']"
EECE 477,"['simulation']"
EECE 478,"['data mining']"
EECE 566,"['engineering principles']"
MECH 211,"['engineering principles']"
MECH 332,"['simulation']"
MECH 411,"['optimization']"
MECH 414,"['project management']"
MECH 422,"['optimization']"
MECH 446,"['simulation']"
BIOL 475,"['data analytics', 'machine learning', 'operations research']"
MATH 457,"['machine learning', 'operations research']"
MATH 455,"['operations research', 'optimization']"
MATH 499,"['machine learning', 'data mining', 'cloud computing']"
CMPT 258,"['sql']"
CMPT 353,"['systems software']"
CMPT 336,"['simulation']"
CMPT 363,"['data mining']"
CMPT 364,"['relevant', 'cloud computing']"
CMPT 420,"['natural language processing', 'simulation']"
CMPT 439,"['optimization']"
CMPT 443,"['simulation']"
CMPT 454,"['optimization']"
CMPT 465,"['machine learning']"
COOP 401I,"['relevant', 'sql']"
TWS 1313A,"['structured approach', 'simulation']"
MTH 0303A,"['data management', 'optimization', 'simulation']"
PHY 4222A,"['optimization']"
DS 1127D,"['relevant']"
DS 1114D,"['relevant']"
ARC 1127,"['project management']"
YD 2111D,"['relevant']"
SYM 0209,"['optimization']"
YM 0115D,"['econometrics']"
ESJ 0215E,"['project management']"
MP 1109D,"['relevant', 'engineering principles']"
JMP 1202B,"['relevant']"
CC 1111L,"['relevant']"
VMH 1307B,"['business analytics', 'enterprises']"
VMH 1518B,"['project management']"
VMH 1336B,"['enterprises']"
VMH 1212O,"['data management']"
VMH 1412B,"['data management']"
VMH 2203S,"['business analytics']"
VMH 1206R,"['relevant', 'data analytics', 'business analytics']"
VMH 1202R,"['relevant']"
VMH 1418B,"['simulation']"
VMH 1336R,"['simulation']"
VMH 1303O,"['enterprises']"
VMH 1411B,"['relevant', 'enterprises']"
VMH 1415B,"['data collection']"
VMH 1206B,"['business analytics', 'simulation']"
VMH 1412R,"['data collection']"
VMH 1335B,"['business analytics', 'optimization']"
VMH 1524B,"['business analytics', 'optimization']"
ATL 1410,"['relevant']"
BMGT 461N,"['relevant']"
TWS 1100O,"['relevant']"
VMH 3505R,"['project management']"
BSCI 330,"['relevant']"
TLF 1103T,"['relevant']"
TYD 2102R,"['simulation']"
PLS 1172B,"['relevant']"
VMH 1528F,"['business analytics', 'econometrics', 'optimization', 'simulation']"
VMH 1520F,"['econometrics']"
VMH 1336F,"['project management']"
VMH 1333F,"['business analytics', 'data mining', 'project management', 'optimization']"
BA 103D,"['data mining', 'data visualization']"
LEF 2165E,"['statistics methods']"
PS 1250D,"['optimization']"
CHM 0119,"['relevant']"
HBK 1108C,"['relevant']"
CSI 1121C,"['optimization']"
CSI 3117C,"['machine learning', 'data mining']"
SI 2118D,"['relevant', 'data science', 'machine learning', 'engineering principles', 'data mining', 'cloud computing']"
SJ 1309D,"['relevant']"
SI 2107D,"['relevant', 'engineering principles']"
CSI 3118C,"['machine learning', 'cloud computing']"
ESJ 2212C,"['optimization']"
CSI 1122C,"['machine learning']"
CSI 2107C,"['data science']"
CSI 2120C,"['optimization', 'simulation']"
CSI 3120R,"['data science', 'machine learning', 'data mining']"
PHY 4222C,"['optimization']"
CSI 4122C,"['natural language processing']"
CSI 3118,"['machine learning']"
SKN 2127C,"['project management']"
TYD 2108,"['relevant']"
TYD 2111E,"['optimization']"
TYD 0101,"['mechanism design']"
TYD 1118E,"['relevant']"
TYD 2108E,"['optimization']"
TYD 2111R,"['relevant', 'data management']"
TYD 0102,"['econometrics']"
EDU 2121E,"['relevant']"
EDU 2212E,"['relevant']"
EDU 1315E,"['relevant']"
EDU 1315L,"['relevant']"
EDU 2101E,"['relevant']"
EDU 2119E,"['relevant']"
LEF 1222E,"['relevant']"
SQH 1119E,"['optimization', 'simulation']"
JMP 3201E,"['optimization']"
GL 0123L,"['systems software']"
PLS 1140E,"['project management']"
PHY 4221E,"['optimization']"
JMP 2121E,"['simulation']"
EGR 3111,"['project management']"
ITV 1100E,"['relevant']"
JMP 2222H,"['relevant', 'mechanism design', 'optimization']"
JMP 2120E,"['optimization']"
ESJ 1215E,"['relevant']"
EGR 0108E,"['project management', 'simulation']"
ESJ 1224E,"['project management']"
EGR 2154E,"['project management', 'operations research', 'optimization']"
CHM 2201E,"['project management']"
EGR 1110E,"['simulation']"
JMP 2222P,"['simulation']"
EGR 2116E,"['modeling simulation', 'simulation']"
JMP 1202E,"['operations research']"
VW 1344L,"['data types']"
VW 2446D,"['data types']"
GR 3111D,"['simulation']"
GR 1110D,"['simulation']"
ATL 1113E,"['project management']"
ENEE 446,"['simulation']"
ENEE 381,"['optimization']"
VW 1424L,"['simulation']"
CHE 2136E,"['simulation']"
EGR 1108,"['simulation']"
MMH 1400R,"['relevant']"
MTH 0102E,"['simulation']"
EB 1135L,"['simulation']"
ENMA 698A,"['simulation']"
GR 3108L,"['optimization']"
TL 1113D,"['optimization']"
PHY 1402E,"['data driven']"
HE 1306L,"['machine learning']"
JMP 2222E,"['optimization']"
ENME 361,"['optimization']"
JMP 2120,"['machine learning']"
JMP 2216E,"['machine learning', 'operations research', 'optimization']"
JMP 2216,"['project management']"
JMP 2121F,"['optimization']"
JMP 2217,"['data collection']"
NS 0422D,"['simulation']"
BPS 1232E,"['relevant']"
SPH 0301E,"['data management']"
SPH 0301,"['relevant']"
SPH 2234C,"['relevant']"
EF 1136L,"['relevant', 'metadata']"
LEF 1158G,"['econometrics', 'data visualization']"
LEF 1171G,"['relevant', 'econometrics']"
TYD 2109G,"['data mining', 'simulation']"
TYD 2106P,"['data collection']"
PLS 1172H,"['relevant']"
TYD 1136,"['data management']"
LEF 2166H,"['data collection']"
JMP 2124H,"['data collection']"
LF 1103D,"['relevant']"
SPH 1234A,"['relevant']"
UL 1111L,"['relevant', 'data collection']"
JUL 1123I,"['relevant']"
INAG 104,"['data collection']"
HBK 0109I,"['relevant', 'data science', 'data visualization', 'natural language processing']"
HBK 0105I,"['relevant']"
HBK 0123I,"['data types']"
SPH 0308I,"['sql']"
EDU 1121I,"['optimization', 'simulation']"
KEY 0103I,"['data visualization']"
HBK 0115,"['project management']"
JMZ 1224I,"['relevant']"
JAPN 302,"['relevant']"
KNI 3202,"['relevant', 'data visualization']"
KNI 2105J,"['open access']"
MMH 1304,"['relevant']"
MMH 1108B,"['natural language processing']"
HJP 1213C,"['relevant']"
PLS 1168M,"['relevant']"
ARM 0120N,"['simulation']"
PLS 1140N,"['relevant']"
MMH 3112,"['relevant']"
VMH 1107P,"['relevant']"
BPS 1140B,"['relevant']"
BPS 1232P,"['relevant']"
BPS 0283R,"['relevant']"
BPS 1103P,"['relevant']"
JMZ 3120S,"['relevant']"
JMZ 1122S,"['relevant']"
EF 0231L,"['data collection']"
PLS 1111S,"['data management', 'optimization', 'simulation']"
JMP 2202S,"['data science']"
LEF 1208S,"['data collection']"
LEF 2208S,"['data analytics', 'machine learning', 'data driven', 'sql', 'simulation']"
PAC 1611T,"['relevant']"
KNI 1105U,"['relevant']"
TWS 0134W,"['relevant']"
TH 370,"['enterprises']"
SP 351,"['relevant']"
BU 375,"['data collection']"
MA 221,"['enterprises']"
CA 380,"['enterprises']"
BI 419,"['data collection']"
BI 470,"['relevant']"
BU 386,"['project management']"
BU 425,"['project management']"
BU 435,"['enterprises']"
IS 340,"['enterprises']"
IS 350,"['data management']"
BU 150,"['relevant']"
MA 463,"['optimization']"
NR 391,"['data management']"
PS 491,"['project management']"
PY 495,"['data collection']"
EMPS 495,"['relevant']"
HI 301,"['relevant', 'enterprises']"
WS 301,"['relevant']"
IP 351,"['business intelligence']"
ARCH 619,"['simulation']"
WR 123,"['relevant']"
MATH 243I,"['relevant', 'data science', 'data visualization', 'simulation']"
CIS 210C,"['data science']"
CAS 407,"['data science', 'business analytics']"
ASIA 350W,"['relevant']"
MUS 462P,"['relevant']"
ANTH 470,"['relevant']"
MATH 243,"['econometrics']"
ANTH 570,"['relevant']"
ASIA 612T,"['relevant']"
MATH 252,"['data architecture', 'enterprises', 'project management']"
ARH 611,"['relevant']"
ARH 507,"['relevant']"
COLT 415,"['relevant']"
COLT 616,"['relevant']"
BA 1973,"['machine learning', 'data mining']"
CIS 399,"['cloud computing']"
CIS 445,"['simulation']"
CIS 451,"['sql']"
CIS 453,"['machine learning', 'data mining']"
CIS 472,"['machine learning']"
CIS 545,"['simulation']"
CIS 551,"['sql']"
CIS 553,"['machine learning', 'data mining']"
CIS 572,"['machine learning']"
CIT 381,"['sql']"
GEOL 463,"['optimization']"
GEOL 563,"['optimization']"
EALL 611C,"['relevant']"
JPN 425,"['relevant']"
JPN 525,"['relevant']"
KRN 609,"['data science', 'econometrics']"
EC 421I,"['econometrics']"
EC 320,"['econometrics']"
EC 423,"['econometrics']"
EC 421,"['econometrics']"
EC 425,"['econometrics']"
EC 419,"['econometrics']"
EC 523,"['econometrics']"
EC 607,"['econometrics']"
EC 603D,"['econometrics']"
EC 418,"['econometrics']"
EC 424,"['econometrics']"
EC 524,"['econometrics']"
EC 525,"['econometrics']"
ENG 330,"['relevant']"
ENG 690I,"['relevant']"
ENG 241,"['relevant']"
ENG 242,"['relevant']"
ENG 243,"['relevant']"
ENG 244,"['relevant']"
ENG 245,"['relevant']"
ENG 360,"['relevant']"
ENG 361,"['relevant']"
ENG 362,"['relevant']"
ENG 363,"['relevant']"
ENG 364,"['relevant']"
ENVS 427,"['data collection']"
ENVS 632,"['relevant']"
GEOG 481G,"['data science']"
GEOG 498G,"['data science']"
GEOG 419P,"['data science']"
GEOG 490,"['data visualization', 'simulation']"
GEOG 482,"['data collection', 'project management']"
GEOG 582,"['data collection', 'project management']"
GEOG 590,"['data visualization']"
HIST 405,"['relevant']"
HIST 363,"['enterprises']"
HPHY 337,"['relevant']"
HPHY 684,"['data collection']"
INTL 657P,"['relevant']"
LAS 407S,"['relevant']"
LAS 510,"['relevant']"
LING 616L,"['relevant']"
LING 621,"['data collection']"
RL 407,"['relevant']"
SPAN 460D,"['relevant']"
RL 507,"['relevant']"
HC 477H,"['business analytics']"
BA 453H,"['relevant']"
BA 661,"['data analytics']"
BA 453B,"['business analytics', 'econometrics', 'optimization']"
MKTG 390,"['data collection']"
SBUS 655,"['business analytics', 'econometrics']"
OBA 199,"['business analytics']"
OBA 410,"['business analytics']"
OBA 433,"['data driven', 'data mining']"
OBA 510,"['business analytics']"
OBA 533,"['data driven', 'data mining']"
AAD 425,"['relevant']"
AAD 525,"['relevant']"
LA 459L,"['relevant']"
LA 462,"['project management']"
LA 562,"['project management']"
PPPM 613,"['data collection']"
PPPM 625,"['relevant']"
PPPM 685S,"['relevant']"
PPPM 638,"['relevant']"
PPPM 425,"['project management']"
PPPM 525,"['project management']"
PPPM 685,"['enterprises']"
MGMT 641I,"['relevant']"
SPD 688,"['relevant']"
EDUC 650,"['relevant']"
FHS 497S,"['relevant', 'methods data analysis']"
CPSY 603D,"['relevant', 'methods data analysis']"
EDLD 211,"['project management']"
EDST 458,"['relevant']"
SPED 709,"['relevant']"
LAW 649,"['relevant']"
CRES 625,"['relevant']"
LAW 639,"['relevant']"
LAW 679,"['relevant']"
LAW 721,"['relevant']"
MUS 665,"['data driven']"
MUS 698,"['business analytics']"
MUP 791,"['data driven']"
MUP 769,"['data driven']"
MUS 393,"['data driven']"
MUS 693,"['data driven']"
IST 503,"['relevant']"
AIM 665,"['project management']"
CFR 668,"['relevant']"
MATH 140,"['optimization']"
MATH 141,"['optimization']"
COM 240,"['data mining']"
MATH 317,"['data collection']"
ECON 330,"['econometrics']"
ENG 201,"['relevant']"
INTS 497,"['relevant']"
SOC 310,"['data collection']"
BA 452,"['simulation']"
ECON 310,"['econometrics']"
COM 441,"['simulation']"
ISION174F,"['relevant']"
ENG 304,"['metadata']"
COSC 105,"['data types']"
WMST 441,"['open access']"
ISION264I,"['relevant']"
GER 252,"['relevant']"
INTS 499,"['relevant']"
ISION304N,"['data collection']"
MATH 250,"['relevant']"
COSC 121,"['data types']"
PHYS 240,"['relevant', 'data types']"
NUTR 612,"['relevant']"
BIOL 230,"['data collection']"
SOC 426,"['relevant']"
PSYC 490,"['data collection']"
PSYC 290,"['data collection']"
SOC 450,"['relevant']"
SECON 200,"['relevant']"
ECON 410,"['econometrics']"
ECON 416,"['enterprises']"
POSC 310,"['data collection']"
CULTY426A,"['enterprises', 'linked data']"
