,School,CourseID,Descriptions
0,Northwestern,ISEN 390-0 Special Topics in Energy and Sustainability ,"Focused exploration of specific topical themes, trends, and challenges in applied energy and sustainability. Content varies each year; previously offered topics include geographic information systems and the impact of energy systems on the geographic distribution, well-being, and social organization of societies. May be repeated for credit with change in topic. "
1,Northwestern,TRANS 310-0 Seminar in Transportation and Logistics ,Yearlong senior seminar on the structure of the transportation and supply-chain industries and evaluation of relevant public policy. Students receive 1 credit in the spring quarter of their senior year. TRANS 399-0 Independent Study Advanced work chosen by mutual agreement with a faculty member. Only 1 unit may count toward the minor. Consent of faculty required. 
2,Northwestern,ART 272-0 Critical Methods for Contemporary Art ,"Introduction to basic key terms, concepts, and analytical categories of theoretical discourses relevant to an informed and critical engagement with contemporary art. ART 360-0 Senior Critique Students complete a body of work to be shown in the senior exhibition, develop their critical skills, and learn to give articulate verbal and written expression to the concerns their art explores. Prerequisite: 260 or consent of instructor. ART 372-0 Seminar Variable topics addressed in a seminar format. Prerequisites: vary with topic. ART 382-0 Studio/Seminar Variable topics addressed in studio and seminar formats. Readings; approaches toward art making related to readings in studio projects. Prerequisites vary with topic. ART 390-0 Studio Studio course focusing on a topic or theme of special interest in contemporary art. Content varies. Prerequisites: vary with topic. ART 399-0 Independent Study For advanced majors pursuing projects outside the context of regularly offered courses. Prerequisite: consent of department chair. "
3,Northwestern,CHEM 161-0 Accelerated General Chemistry Laboratory I ,"(0.34 units) Chemical analysis of real samples using basic laboratory techniques including titration, colorimetric analysis, density measurements, and atomic spectroscopy. Planning, data collection, interpretation, and reporting on experiments. Must be taken concurrently with 151. "
4,Northwestern,CHEM 162-0 Accelerated General Chemistry Laboratory II ,"(0.34 units) Chemistry laboratory techniques applied to materials science and nanotechnology, acid-base chemistry, and chemical kinetics. Planning, data collection, interpretation, and reporting on experiments. Must be taken concurrently with 152. Prerequisites: 151, 161 (C– or better). CHEM 171-0 Advanced General Inorganic Chemistry Review of mole problems and stoichiometry; descriptive chemistry, elements, compounds, and inorganic reactions; gas laws; phase equilibria and colligative properties; chemical equilibrium; aqueous equilibria; topics in chemical bonding and molecular structure. Must be taken concurrently with "
5,Northwestern,CHEM 172-0 Advanced General Physical Chemistry ,"Thermodynamics and equilibrium; chemical kinetics and mechanism; electrochemistry; electronic structure of the atom and quantum theory; advanced topics in chemical bonding; coordination compounds; solid-state chemistry; nuclear chemistry. Must be taken concurrently with 182. Prerequisites: 171, 181 (C– or better); MATH 220. CHEM 181-0 General Chemistry Laboratory (.34 units) Laboratory techniques for studying chemical analysis and chemical reactions relevant to environmental or materials research. Planning, data collection, interpretation, and reporting on experiments. Must be taken concurrently with 171. Prerequisite: appropriate AP credit. CHEM 182-0 General Inorganic Chemistry Laboratory (.34 units) Study of the physical chemistry (acid-base chemistry, kinetics, etc.) behind the operating principles of biosensors. Planning, data collection, interpretation, and reporting on these experiments. Must be taken concurrently with "
6,Northwestern,CHEM 342-2 Quantum Mechanics and Spectroscopy ,"Quantum mechanics with emphasis on atomic and molecular electronic structure. Electronic, vibrational, rotational, and magnetic resonance spectroscopy. Prerequisites: MATH 230 (234 recommended also); PHYSICS 135-1,2/136-1,2. "
7,Northwestern,CHEM 342-3 Kinetics and Statistical Thermodynamics ,"Chemical kinetics, including experimental techniques and theories of rate processes. Statistical mechanics, including Boltzmann distribution, partition functions, and applications to thermodynamics. Prerequisites: 342-1,2. CHEM 348-0 Physical Chemistry for ISP Gas laws and properties; kinetic theory; first, second, and third laws; phase equilibria; mixtures, phase diagrams, statistical thermodynamics, kinetics. Prerequisites: ISP enrollment; 172; MATH 281-1,2,3; or consent of department. CHEM 350-1 Advanced Laboratory 1 Advanced laboratory techniques in synthetic and analytical chemistry and spectroscopy: mass spectrometry, chromatography, NMR spectroscopy, and organic synthesis techniques. Prerequisites: 220 and 212-3 or equivalent. CHEM 350-2 Advanced Laboratory 2 Advanced laboratory techniques in synthetic and analytical chemistry and spectroscopy, polymer characterization methods, electrochemistry, x-ray crystallography, atomic spectroscopy, and inorganic synthesis techniques. Prerequisites: 333 and 350-1 or equivalent. CHEM 350-3 Advanced Laboratory 3 Advanced laboratory techniques in synthetic and analytical chemistry and spectroscopy: infrared and Raman spectroscopy, electronic spectroscopy, fast kinetics, organic and inorganic synthesis techniques in a self-guided project. Prerequisites: 342-2 or equivalent and 350-2. "
8,Northwestern,"LATIN 201-1,2,3 Introduction to Latin Literature ","Grammar and vocabulary review. Readings in Cicero, Virgil, and Catullus; emphasis on literary analysis. Prerequisites: 101-1,2,3 or department placement. LATIN 310-0 Readings in Latin Literature Selected topics and authors including Virgil, Horace, Ovid, Cicero, Tacitus, and Seneca. Prerequisites: 201-1,2,3 or consent of instructor. May be repeated for credit with different topics. "
9,Northwestern,LATIN 313-0 Advanced Latin Syntax and Composition ,"Rapid review of Latin morphology and basic grammar, followed by careful study of the syntax of Latin prose and by practice in prose composition. Prerequisite: 201-3 or equivalent. LATIN 399-0 Independent Study Individual program of study under the direction of a faculty member. For advanced students only. Permission of department required. "
10,Northwestern,GREEK 201-4 Introduction to Greek Literature—Intensive ,"For students who have completed GREEK 201-1 or equivalent. Review of ancient Greek grammar and syntax and development of reading skills to prepare for third-year level. Four classes a week. May not receive credit for both 201-4 and 201-2,3. GREEK 301-0 Readings in Greek Literature Selected authors and topics. Topics recently offered include Homer, Plato, Aeschylus, Herodotus, Sophocles, and Thucydides. Prerequisites: 201-1,2,3 or consent of instructor. May be repeated for credit with different topics. "
11,Northwestern,EARTH 105-0 Climate Catastrophes in Earth History ,Introduction to fundamental components of the earth system that control climate. Exploration of present-day climate change and how climate has changed (sometimes catastrophically) in the geologic past. Lectures and discussion. 
12,Northwestern,"EARTH 106-0 The Ocean, the Atmosphere, and Our Climate ","The role of the world’s oceans in the earth’s climate system. Properties of the oceans and marine life. Interaction of oceans, atmosphere, and land. Lectures and discussion. EARTH 108-0 Geological Impacts on Civilization Impacts of geological processes and materials upon human civilizations. Geological, archaeological, and historical records. Societal responses to disasters, environmental changes, resource distributions, etc. Ancient and modern examples. Lectures and discussion. EARTH 110-0 Exploration of the Solar System Origin of the solar system; accretion and differentiation of planets and satellites; missions and discoveries; exoplanets and the search for life in our solar system and beyond. Lectures, discussion, lab. EARTH 114-0 Evolution and the Scientific Method Review of evolutionary theory and its scientific, philosophical, social, and religious impacts. Lectures and tutorials. "
13,Northwestern,EARTH 322-0 Scientific Computing in the Physical Sciences ,"Introduction to coding, scientific computing, and visualization for analyzing and modeling geophysical and other data with Python, Unix, shell scripting, Generic Mapping Tools, parallel processing. Individual or paired final project. EARTH 323-0 Seismology and Earth Structure Elastic theory, seismic waves, seismometers and seismograms, ray paths, travel times; internal structure of the earth; field seismology. Prerequisites: 202, MATH 250, and PHYSICS 135-2; or consent of instructor. EARTH 324-0 Earthquakes and Tectonics Earthquakes: location, characteristics, origin, mechanism, and relation to plate motions; seismic hazard. Prerequisites: 202, MATH 250, and PHYSICS 135-2; or consent of instructor. "
14,Northwestern,EARTH 326-0 Data Analysis for Earth and Planetary Sciences ,"Types and characteristics of earth science data, development and applications of model types, observational and systematic sources of uncertainties and their characterization, spatial and temporal predictions. EARTH 327-0 Geophysical Time Series Analysis Analysis of seismic and other geophysical data. Sampling, windowing, discrete and fast Fourier transforms, z-transforms, deconvolution, and filtering. Prerequisites: 202 and MATH 250; or consent of instructor. EARTH 328-0 Tectonics and Structural Geology Deformation of rock masses: strain, fracture, slip, stress, and rheologic regimes; rock structures; folds, faults, foliations; seismic parameters in tectonic studies; orogenic belts and their tectonic evolution. Lectures and lab. Prerequisites: 201, MATH 240, and PHYSICS 135-1; or consent of instructor. "
15,Northwestern,EARTH 342-0 Contemporary Energy and Climate Change ,"Interdisciplinary course examining global energy use and associated challenges, including the history of energy use, the science of climate change, and technological, economic, and environmental aspects of various energy sources. Prerequisite: senior standing in the physical sciences or engineering, or consent of instructor. Taught with ISEN 410; may not receive credit for both courses. EARTH 343-0 Earth System Modeling Introduction to the art and science of reducing Earth’s complex systems into simple numerical models to build a better understanding of how components interact and evolve. Prerequisites: 1 quarter of earth or environmental science at the 200 level or above, 1 quarter of calculus, and 1 quarter of physics. EARTH 350-0 Physics of the Earth for ISP Solid-earth geophysics: the earth’s gravity field, the earth’s magnetic field, interior of the earth, heat flow, elementary wave propagation, plate tectonics. Prerequisites: second-year standing in ISP or comparable background in mathematics and physics; consent of both instructor and ISP director. EARTH 351-0 Forming a Habitable Planet Formation and evolution of planets permitting life; global geophysical and geochemical processes critical in our planet’s development; prospects for life within our solar system and beyond; exoplanet discovery and characteristics. Prerequisites: CHEM 151 or 171; PHYSICS 125-1, 130-1, or 135-1; or consent of instructor. EARTH 360-0 Instrumentation and Field Methods Theory and practicum on electronic instrumentation for monitoring and measurement in earth sciences, including data loggers, conceptual design and construction of electronic sensors, signal processing, data management, and network design. Prerequisite: 3 EARTH courses or consent of instructor. "
16,Northwestern,EARTH 390-0 Special Topics in Earth and Planetary Sciences ,Topics of current interest to students and faculty. Prerequisites vary. May be repeated for credit with different topic. EARTH 399-0 Independent Study Special problems under direct faculty supervision. Comprehensive report required. Prerequisite: consent of instructor. 
17,Northwestern,ECON 281-0 Introduction to Applied Econometrics ,"Estimation and analysis of a variety of empirical econometric models. Descriptive statistics, univariate regression, multiple regression, simultaneous equations, and forecasting. Prerequisites: 201; 202; MATH 220; STAT 210 or equivalent. ECON 310-1,2 Microeconomics 1. Consumer behavior and the theory of demand; production, cost, supply functions; competitive equilibrium; monopoly. Prerequisites: 201, 202, MATH 220. 2. Social choice theory, applications of elementary game theory, general equilibrium in perfectly competitive markets, and the economic consequences of uncertainty and imperfect information. Prerequisite: 310-1. ECON 311-0 Macroeconomics Macroeconomics and monetary policy. Behavior of the economy as a whole. Income, inflation, unemployment, and growth; consumption, investment, and rate of interest; monetary and fiscal policy. Prerequisites: 201, 202, MATH 220. "
18,Northwestern,"ECON 323-1,2 Economic History of the United States ",Economic development of the United States with emphasis on changing structure and performance of the economy. 
19,Northwestern,ECON 325-0 Economic Growth and Development ,"Macroeconomic aspects of long-term patterns of economic development. The effects of investment, education, population, and technological change on economic growth. Prerequisites: 281, 310-1,2, 311. ECON 326-0 Economics of Developing Countries Structure, performance, and problems of developing economies. Topics may include land use, labor, migration, credit, insurance, and famine. Prerequisites: 281; 310-1,2. ECON 329-0 Experimental Economics Students learn about, participate in, and potentially design experiments to gain insight into economic theories about decision making, games, and markets. Prerequisites: 281, 310-1,2. ECON 330-0 Behavioral Economics Understanding how people make choices in economic situations. Incorporation of psychology and/or sociology into economics. Topics may include perceptions, judgment, biases, and social pressure. Prerequisites: 281, 310-1,2. ECON 331-0 Economics of Risk and Uncertainty Models of decision making under uncertainty. Use of these models to understand economic phenomena such as investment in financial assets, insurance, contracting, and auctions. Prerequisites: 281, 310-1,2; MATH 300 or equivalent. ECON 335-0 Political Economics Social choice theory. Voting theory. The analysis of political motivations and policy outcomes. Application of formal theory to contemporary and historical public policy decisions. Prerequisites: 281, 310-1,2. "
20,Northwestern,ECON 336-0 Analytic Methods for Public Policy Analysis ,"Formulation of objectives, structuring decision problems, choices under uncertainty, interactive decisions, and the impact of organizational structure on project outcomes. Prerequisites: 281, 310-1,2. "
21,Northwestern,ECON 337-0 Economics of State and Local Governments ,"Economic functions and financing of state and local governments in theory and practice; costs and demands for local public services; role of government finance in urban and regional growth. Prerequisites: 281, 310-1,2. ECON 339-0 Labor Economics Survey of economic problems growing out of employment relationships; theories and processes of wage and employment determination, income distribution, and the role of trade unions and issues of economic security. Prerequisites: 281, 310-1,2, 311. ECON 340-0 Economics of the Family Application of microeconomic theory to the analysis of family issues: marriage, cohabitation, the decision to have children, divorce, credit and insurance, and legacies. Prerequisites: 281, 310-1,2. ECON 341-0 Economics of Education The economic analysis of education, including return to schooling, education and economic growth, education production functions, school financing, vouchers, charter schools, and accountability. Prerequisites: 281, 310-1,2. ECON 342-0 Economics of Gender Analysis of gender differences in employment, earnings, and division of household labor. Family, labor market, discrimination, segregation, historical and international conditions, and antidiscrimination legislation. Prerequisites: 281, 310-1, 311. ECON 349-0 Industrial Economics Price and efficiency performance of American industries representative of various types of market structures and practices. Prerequisites: 281, 310-1,2. Students may not receive credit for completing 249 after completing 349. "
22,Northwestern,"ECON 350-0 Monopoly, Competition, and Public Policy ","Present public policy and unsettled issues with respect to structure and practices of industrial markets; concentration, vertical integration, and forms and effectiveness of competition. Prerequisites: 281, 310-1,2. ECON 351-0 Law and Economics The impact of judicial decisions and statutory enactments—including corporate law and antitrust and regulation statutes—on economic behavior and markets. Prerequisites: 281, 310-1,2. "
23,Northwestern,ECON 354-0 Issues in Urban and Regional Economics ,"Factors affecting the spatial distribution of economic activity. Applications of economic analysis to problems of urban areas such as housing markets, zoning restrictions, and racial patterns of employment and housing. Prerequisites: 281, 310-1,2. "
24,Northwestern,ECON 355-0 Transportation Economics and Public Policy ,"The demand for alternative modes by passengers and shippers. Cost of providing transportation, competition, regulation, optimal pricing, subsidies, congestion pricing, and urban transit. Prerequisites: 281, 310-1,2. ECON 359-0 Economics of Nonprofit Organizations The economic rationale for the nonprofit sector in a mixed economy. Topics include the objectives and behavior of nonprofit organizations, competition with commercial firms, volunteerism, and charitable donation. Prerequisites: 281, 310-1,2. ECON 360-1 Foundations of Corporate Finance Theory How corporations allocate resources over time as facilitated by capital markets. Theory of asset evaluation, economic analysis of uncertainty, and capital budgeting and capital structure decisions. May not receive credit for both 360 and BUS INST 304 or IEMS 326. Not for students who have previously taken KELLG FE 310. Prerequisites: 281, 310-1, 311. ECON 360-2 Investments The range of financial instruments available to investors. Optimal portfolio strategies in bonds and stocks from the perspectives of individual and institutional investors. Prerequisite: 360-1. Not for students who have taken KELLG FE 312. ECON 361-0 International Trade International and interregional trade. Factors influencing trade in goods and services between areas. Reasons for and effects of impediments to trade, such as transport costs, tariffs, quotas, and voluntary export restrictions. Prerequisites: 281, 310-1,2, 311. ECON 362-0 International Finance Determination of exchange rates, balance of payments, and international asset flows and prices; international transmission of macroeconomic disturbances. Prerequisites: 281, 310-1, 311. "
25,Northwestern,ECON 370-0 Environmental and Natural Resource Economics ,"Externalities and the role of property rights, pollution, waste disposal, common property problems, renewable resource management, nonrenewable resource use and depletion, recyclable resources, water allocation, and management of public lands. Prerequisites: 281, 310-1,2. May not receive credit for both this course and 372 or 373. ECON 371-0 Economics of Energy Analysis of the functioning and regulation of electricity, oil, and natural gas markets. Includes discussion of competition and environmental concerns. Prerequisites: 281; 310-1,2 ECON 372-0 Environmental Economics Analysis of scarcity and incentives in environmental issues such as pollution and climate change. Modeling and evaluation of public policy. Prerequisites: 281; 310-1,2. May not receive credit for both this course and 370. ECON 373-0 Natural Resource Economics Evaluation of economics models and public policy concerning natural resources such as farming, fisheries, forests, minerals, and fossil fuels. Prerequisites: 281; 310-1,2. May not receive credit for both this course and 370. ECON 380-1,2 Game Theory 1. Noncooperative game theory, with applications to industrial organization, auctions, and theories of the firm. Prerequisites: 310-1,2; MATH 224, 230. Should not be taken by students who have completed MATH 364. 2. Cooperative and noncooperative game theory and decision making under uncertainty. Prerequisite: 380-1 or consent of instructor. ECON 381-1,2 Econometrics 1. Probability and distribution theory, statistical inference, simple and multiple regression, specification error and multicollinearity, heteroskedasticity and serial correlation, measurement error, dummy variables. Prerequisites: 310-1 (281, 310-2, 311 recommended); MATH 230, 234, 240, and 314 (or equivalent). 2. Hypothesis testing, estimation with deficient data, distributed lags, panel data, simultaneous equation systems, limited dependent variables. Prerequisite: 381-1 (310-2, 311 recommended). "
26,Northwestern,LING 334-0 Introduction to Computational Linguistics ,"Hands-on introduction to computational methods in empirical linguistic analysis and natural language processing. LING 336-0 Words, Networks, and the Internet Word networks and language on the Internet. Python tools for exploring spam, search engines, and social media. Prerequisite: 330, 334, 361, or equivalent background. LING 340-0 Historical Linguistics Introduction to the study of how and why language changes. Topics include the comparative method, the regularity of sound change, syntactic change, distant genetic relationships, and language evolution. LING 341-0 Language Typology A comparison of varying and universal features of the world’s languages. Prerequisite: 250, 260, or 270. LING 342-0 Structure of Various Languages Phonological, morphological, or syntactic structure of a particular language. May be repeated for credit with change in language. "
27,Northwestern,LING 350-0 Fundamentals of Laboratory Phonology ,"Articulatory and acoustic phonetics. Syllable structure, phonotactics, prosody, and intonation. Fundamentals of experimental design and data analysis. Prerequisite: 250 or consent of instructor. "
28,Northwestern,LING 363-0 Making a Dictionary:The Northwestern Project ,"Creation of an online dictionary of Northwestern jargon, slang, etc. Learning about the connection between language, society, and identity; sociolinguistic fieldwork; lexicography; politics of dictionaries; culture and power of book form vs. digital. Taught with SLAVIC 322; may not receive credit for both courses. LING 370-0 Fundamentals of Meaning Theoretical approaches to the study of linguistic meaning. Topics include word meaning, argument and event structure, sentence meaning, truth conditions, and inference types (e.g., entailment, implicature, presupposition). Prerequisite: 270 or consent of instructor. LING 371-0 Reference Linguistic and philosophical approaches to the study of reference, focusing on the role of context in utterance production and interpretation. Topics include definiteness, genericity, deixis, and anaphora. Prerequisite: a course in linguistics or philosophy of language, or consent of instructor. LING 372-0 Pragmatics Introduction to extrasemantic meaning, focusing on the role of context in utterance production and interpretation. Topics include the semantics-pragmatics boundary, implicature, presupposition, speech acts, reference, and information structure. Prerequisite: 250, 260, or 270. LING 373-0 Implicature An interdisciplinary approach to the study of extrasemantic meaning, drawing on primary readings from linguistics, philosophy, and psychology. Topics include conversational and conventional implicature, explicature, impliciture, and the semantics-pragmatics boundary. Prerequisite: 370, 372, or consent of instructor. "
29,Northwestern,LING 380-0 Spoken English for Nonnative Speakers ,Conversational English addressing all oral language skills; primarily for international graduate students who are nonnative speakers of English. Content varies. 
30,Northwestern,LING 381-0 Written English for Nonnative Speakers ,"Written argumentation skills and all aspects of academic writing; primarily for international graduate students who are nonnative speakers of English. LING 398-0 Undergraduate Seminar in Linguistics By invitation of the department. For students of superior ability, with choice of topic left to the group. "
31,Northwestern,MATH 220-0 Differential Calculus of One-Variable Functions ,"Limits, differentiation, linear approximation, optimization, curve sketching, related rates, Newton’s method, anti-derivatives. May not receive credit for both 220 and 211 or 212. "
32,Northwestern,MATH 224-0 Integral Calculus of One-Variable Functions ,"Integrals, techniques of integration, volumes, arc length, work, sequences and series, Taylor polynomials. May not receive credit for both 224 and 213 or 214. Prerequisite: "
33,Northwestern,MATH 230-0 Differential Calculus of Multivariable Functions ,"Vector algebra, vector functions, partial derivatives, optimization, Lagrange multipliers. May not receive credit for both 230 and 281-1, 285-2, 290-2, or 291-2. Prerequisite: 214 or 224. "
34,Northwestern,MATH 234-0 Multiple Integration and Vector Calculus ,"Cylindrical and spherical coordinates, double and triple integrals, line and surface integrals. Change of variables in multiple integrals; gradient, divergence, and curl. Theorems of Green, Gauss, and Stokes. May not receive credit for both 234 and 281-1, 285-3, 290-3, or 291-3. Prerequisite: 230. MATH 240-0 Linear Algebra Basic concepts of linear algebra. Solutions of systems of linear equations; vectors and matrices; subspaces, linear independence, and bases; determinants; eigenvalues and eigenvectors; other topics and applications as time permits. May not receive credit for both 240 and 281-3, 285-1, 290-1, 291-1, or GEN ENG 205-1, 206-1. Prerequisite: 230. MATH 250-0 Elementary Differential Equations Applications of calculus and linear algebra to the solution of ordinary differential equations. May not receive credit for both 250, 281-2, or GEN ENG 205-4, 206-4. Prerequisites: 230; 240 or concurrent registration in 240; or equivalent. "
35,Northwestern,"MATH 281-1,2,3 Accelerated Mathematics for ISP: First Year ","1. Multivariable differential calculus, multiple integration and vector calculus. 2. Vector integral calculus, differential equations, infinite series. 3. Linear algebra, differential equations. Open only to students in ISP. "
36,Northwestern,MATH 306-0 Combinatorics and Discrete Mathematics ,"Discrete mathematics, inductive reasoning, counting problems, binomial coefficients and Pascal’s triangle, Fibonacci numbers, combinatorial probability, divisibility and primes, partitions, and generating functions. Prerequisite: 240 or instructor’s consent. MATH 308-0 Graph Theory Introduction to graph theory: graphs, trees, matchings, planar graphs, colorings. Additional topics as time permits. Prerequisites: 291-1, 300, 306, or equivalent. "
37,Northwestern,"MATH 310-1,2,3 Probability and Stochastic Processes ","1. Discrete probability spaces, random variables, expected value, combinatorial problems. Special distributions, independence, and conditional probability. Weak law and central limit theorem. 2. Convolution, central limit theorem, Markov processes in discrete time, recurrence, and transience. 3. Markov processes in continuous time, stationary process, second-order process, stochastic differential equations. May not receive credit for both 310-1 and 3111, 314, 385, EECS 302, IEMS 202, or STAT 320-1, 383. Corequisite for 310-1: 234. Prerequisites for 310-2: 240, 310-1. Prerequisite for 310-3: 310-2. "
38,Northwestern,MATH 314-0 Probability and Statistics for Econometrics ,"Introduction to probability theory and statistical methods, including properties of probability distributions, sampling distributions, estimation, confidence intervals, and hypothesis testing. May not receive credit for both 314 and 310-1, 311-1, 385, EECS 302, IEMS 202, or STAT 320-1, 383. Corequisite: 234. "
39,Northwestern,"MATH 336-1,2 Introduction to the Theory of Numbers ","1. Divisibility and primes, congruences, quadratic reciprocity, Diophantine problems. 2. Additional topics in analytic and algebraic number theory. Prerequisite: for 336-1: 230; for 336-2: 336-1. MATH 340-0 Geometry Axiomatics for Euclidean geometry. Non-Euclidean geometry. Projective geometry. Introduction of coordinate system from the axioms. Quadrics. Erlangen program. Introduction to plane algebraic curves. Prerequisite: 230 and 300 or equivalent. MATH 342-0 Introduction to Differential Geometry Curves and surfaces in three-dimensional space. Prerequisites: 234 and 240 or equivalent. MATH 344-1,2 Introduction to Topology 1. Basic concepts: topologies, connectedness, compactness, separation axioms. Geometric concepts, including simplicial complexes and manifolds. 2. Fundamental groups. Language of categories. Covering spaces. Prerequisite for 344-1: 320-1 or equivalent; for 344-2: 344-1 and 330-1 or equivalent. "
40,Northwestern,MATH 351-0 Fourier Analysis and Boundary Value Problems ,Expansion in orthogonal functions with emphasis on Fourier series. Applications to solution of partial differential equations arising in physics and engineering. May not receive credit for both 351 and 381 or both 351 and ESAM 311-2. Prerequisite: 250. 
41,Northwestern,MATH 382-0 Complex Analysis and Group Theory for ISP ,"Complex analysis, elements of group theory. May not receive credit for both 325 and 382. Ordinarily taken only by students in ISP; permission required otherwise. Prerequisites: 281-1,2,3; PHYSICS 125-1,2,3. MATH 385-0 Probability and Statistics for MMSS Probability theory and its social science applications. May not receive credit for both 385 and any of 310-1, 311-1, 314, or STAT 320-1, 383. Prerequisite: second-year standing in MMSS. MATH 386-1,2 Econometrics for MMSS Econometric methods. Prerequisite: second-year standing in MMSS. MATH 395-0 Undergraduate Seminar Topics of modern mathematics and relationships among different branches of mathematics. Open only to superior students by consent of department. May be taken for only 1 unit of credit at a time but may be repeated for credit with change of topic. MATH 399-0 Independent Study Open on approval of department to undergraduates who are qualified to do independent work under the direction of a faculty adviser. Students must file a plan of study with the department before enrollment in 399. "
42,Northwestern,PHIL 253-0 Introduction to the Philosophy of Language ,"Contemporary themes and theories in the philosophy of language. Topics may include context and semantics, the semantics-pragmatics boundary, implicature, reference, presupposition, speech acts, and the role of language in shaping conceptions of social and natural reality. "
43,Northwestern,PHIL 317-0 Studies in 19th- and 20th-Century Philosophy ,"Study of one or more key philosophical themes, figures, or developments of the 19th century, 20th century, or both. May be repeated for credit with change of topic. PHIL 318-0 Studies in Contemporary Philosophy Selected philosophical works of the latter part of the 20th century or the 21st century. May be repeated for credit with change of topic. PHIL 319-0 Existentialism and Its Sources Intensive study of one or a small number of major contributions to the existentialist tradition. PHIL 325-0 Philosophy of Mind Selected topics in the philosophy of mind: mind-body problem, problem of other minds, self-knowledge, personal identity, philosophical psychology. May be repeated for credit with change of topic. PHIL 326-0 Philosophy of Medicine Introduces premed students to ethical problems they are likely to encounter. For example: Is it ever ethical to withhold information from a patient? Should physicians help terminally ill patients commit suicide? Should health care for the elderly be more limited than for children? PHIL 327-0 Philosophy of Psychology Problems such as the nature of psychological explanation, experimentation and the testing of psychological claims, the standing of psychology as a science, reductionism, the unconscious, and conceptualizing the psyche and its processes. PHIL 328-0 Classics of Analytic Philosophy Examination of classic texts that shaped the analytic movement of 20thcentury Anglo-American philosophy. Readings from Frege, Russell, Wittgenstein, Carnap, Quine, and others. "
44,Northwestern,PHIL 355-0 Scientific Method in the Social Sciences ,"Analysis of the philosophical foundations of social inquiry with reference to selected problems, thinkers, and schools, both classical and modern. "
45,Northwestern,PHIL 357-0 Topics in Metaphysics and Epistemology ,"Examination of current debates in metaphysics and epistemology, broadly understood. Possible topics include skepticism, mental representation, time, the epistemology of testimony, linguistic norms, personal identity, causation, and modality. May be repeated for credit with change of topic. PHIL 358-0 Epistemology Central problems in the theory of knowledge, emphasizing contemporary developments. A priori knowledge, perception memory, induction, and theories of meaning and truth. PHIL 359-0 Studies in Metaphysics The most general features of reality and their relation to thought and language. Topics may include existence, time, identity, properties, truth, causality, and freedom. PHIL 360-0 Topics in Moral Philosophy Philosophical analysis of recent or contemporary issues, theories, or figures in moral philosophy. May be repeated for credit with change of topic. "
46,Northwestern,PHIL 361-0 Topics in Social and Political Philosophy ,"Philosophical analysis of a recent or contemporary issue, individual philosopher, or school of thought in social and political philosophy. May be repeated for credit with change of topic. "
47,Northwestern,PSYCH 316-0 Special Topics in Cognition or Neuroscience ,Topic to be announced. Prerequisites vary. May be repeated for credit with different topic. 
48,Northwestern,PSYCH 341-0 Positive Psychology:The Science of Well-Being ,"Key developments in the field of positive psychology. Rudaimonic and hedonic well-being, mindfulness and flow, importance of social connections, emotional resilience, positive institutions. Prerequisite: 110. PSYCH 342-0 Evolutionary Psychology Theory, methodology, and empirical data related to how evolution has "
49,Northwestern,PSYCH 351-0 Advanced Statistics and Experimental Design ,"Advanced topics in research design and analysis of data. Focus on both theory and applications. Prerequisites: 205; 2 200-level mathematics courses. PSYCH 352-0 Psychology and Food Social, cultural, cognitive, evolutionary, and biological factors that influence food choice and consumption. Conducting and evaluating research on eating behavior. Prerequisites: 110, 205. "
50,Northwestern,"PSYCH 355-0 Social, Cultural, and Affective Neuroscience ","Examines use of neuroscience techniques (e.g., neuroimaging) in research on affective and social processes and their interactions with cognitive processes; empirical findings, foundational topics, and current debates. Prerequisites: 205; 1 course in cognition and/or neuroscience, e.g., 212, 228, 312-1, 324, 364, 361, BIOL SCI 306, 326, COG SCI 210, CSD 303. "
51,Northwestern,PSYCH 387-0 Consumer Psychology and Marketing Research ,"Application of psychological theories, findings, and methodologies to marketing research questions and problems. Students conduct a marketing research project for an actual client. Prerequisite: 205. PSYCH 397-1,2 Advanced Supervised Research Design, implementation, and reporting of a psychology research project. Prerequisites: 205 and consent of instructor; 397-2 must be taken with the same professor as 397-1. Weinberg College limits on 398 and 399 enrollments (page 39) also apply to 397. PSYCH 398-1,2,3 Senior Thesis Seminar Open only to students pursuing departmental honors. They must apply for admission in spring quarter of junior year. PSYCH 399-0 Independent Study Consent of instructor required. "
52,Northwestern,STAT 210-0 Introductory Statistics for the Social Sciences ,"A mathematical introduction to probability theory and statistical methods, including properties of probability distributions, sampling distributions, estimation, confidence intervals, and hypothesis testing. 210 is primarily intended for economics majors. May not receive credit for both 202 and 210. Prerequisite: strong background in high school algebra (calculus is not required). STAT 232-0 Applied Statistics Basic concepts of using statistical models to draw conclusions from experimental and survey data. Topics include simple linear regression, multiple regression, analysis of variance, and analysis of covariance. Practical application of the methods and the interpretation of the results will be emphasized. Prerequisites: 202, 210, or equivalent; MATH 220. STAT 301-1,2,3 Data Science 1. Methods addressed include linear regression and classification, generalized additive models, regression and classification trees, and model assessment. Prerequisite: 210 or equivalent. 2. Methods addressed include basis expansions, smoothing, projection pursuit, neural networks, and vector support machines. Prerequisite: 301-1 or consent of instructor. 3. Methods addressed include Bayesian model averaging and stacking, and clustering. Substantial data analysis project required. Prerequisite: 301-2 or consent of instructor. STAT 320-1,2,3 Statistical Theory and Methods 1. Sample spaces, computing probabilities, random variables, distribution functions, expected values, variance, correlation, limit theory. May not receive credit for both 320-1 and any of 383, MATH 310-1, 311-1, 314, 385, EECS 302, or IEMS 202. Corequisites: 202 or 210, MATH 234. "
53,Northwestern,STAT 354-0 Applied Time Series Modeling and Forecasting ,"Introduction to modern time series analysis. Autocorrelation, time series regression and forecasting, ARIMA and GARCH models. Prerequisites: 320-1, 350. STAT 355-0 Analysis of Qualitative Data Introduction to the analysis of qualitative data. Measures of association, log-linear models, logits, and probits. Prerequisite: 320-2 or equivalent. STAT 356-0 Hierarchical Linear Models Introduction to the theory and application of hierarchical linear models. Two- and three-level linear models, hierarchical generalized linear models, and application of hierarchical models to organizational research and growth models. Prerequisites: 320-2, 350. STAT 359-0 Topics in Statistics Topics in theoretical and applied statistics to be chosen by instructor. Prerequisite: consent of instructor. "
54,Northwestern,STAT 365-0 Introduction to the Analysis of Financial Data ,"Statistical methods for analyzing financial data. Models for asset returns, portfolio theory, parameter estimation. Prerequisites: 320-3, MATH 240. STAT 370-0 Human Rights Statistics Development, analysis, interpretation, use, and misuse of statistical data and methods for description, evaluation, and political action regarding war, disappearances, justice, violence against women, trafficking, profiling, elections, hunger, refugees, discrimination, etc. Prerequisites: any 2 of 325; 350; 320-2,3 or 1 of the 2-quarter sequences ECON 381-1,2; MATH 386-1,2; or IEMS 303, 304 or consent of instructor. STAT 383-0 Probability and Statistics for ISP Probability and statistics. Ordinarily taken only by students in ISP; permission required otherwise. May not receive credit for both 383 and any of 320-1; MATH 310-1, 314, 385; EECS 302; or IEMS 202. Prerequisites: MATH 281-1,2,3; PHYSICS 125-1,2,3. "
55,Northwestern,CSD 110-0 Introduction to Hearing and Speech Acoustics ,"Introduction to acoustics, measurement of hearing, and the acoustical properties of speech sounds. Sound waves; standards of measuring magnitude; audiograms; source-filter theory; spectrograms. "
56,Northwestern,CSD 112-0 The Scientific Exploration of Communication ,"Introduction to biology and physics of human communication. Basic properties of speech sounds and how they are produced and received; relation between human anatomical structures involved in sound production, modulation, and reception; brain mechanisms of processing speech sounds. CSD 202-0 Neurobiology of Communication Human anatomy, physiology, and neurology in relation to communicative behavior. Sensory, perceptual, cognitive, and motor processes. "
57,Northwestern,CSD 207-0 Seminar in Communication Sciences and Disorders ,Major topics of research interest in communicative disorders. Principles of research in communicative disorders. 
58,Northwestern,CSD 301-0 Anatomy and Physiology of the Vocal Mechanism ,"Anatomical and physiological mechanisms of breathing, phonation, and articulation. Laboratories include dissection and participation in physiological research. Prerequisite: sophomore standing or above. "
59,Northwestern,CSD 304-0 Statistics in Communication Sciences and Disorders ,"Introduction to research design and data analysis in communication sciences and disorders; statistical inference. CSD 305-0 Phonetics Training in transcription of English speech sounds. Introduction to phonological analysis, dynamics of articulation, and dialect variations. CSD 306-0 Psychoacoustics Principles underlying perception of pitch, loudness, auditory space, auditory patterns, and speech. Psychophysical procedures for studying psychoacoustics and the impact of hearing impairment are considered. CSD 309-0 Culture, Language, and Learning Language and culture; transmission of culture through language; effects of cultural variety on perception, cognition, and learning; implications of cultural and linguistic diversity in communicative disorders. "
60,Northwestern,CSD 310-0 Biological Foundations of Speech and Music ,"Anatomy and physiology of the central auditory pathway, experience-related neural plasticity, right/left brain specialization, audiovisual integration, auditory learning and perception, and neural encoding of speech and music. Prerequisite: junior standing or consent of instructor. CSD 318-0 Introduction to Audiology Introduction to the measurement of hearing in humans. Basic anatomy of the ear, measurement of hearing, potential disorders of hearing. Lecture/laboratory. CSD 319-0 Aural Rehabilitation Principles and practices in rehabilitation of children and adults, including use of sensory aids, counseling, communication remediation (emphasizing speech reading), and auditory training techniques. "
61,Northwestern,CSD 388-0 Attention Deficit Disorder and Related Disorders ,"Identification and treatment of attention deficit disorders and related childhood behavior disorders. Emphasis on objective and subjective assessment, life-span issues, and medical and psychological interventions. CSD 392-0 Language Development and Usage Development of spoken and written language as it relates to child development; includes phonological, morphological, syntactic, semantic, and pragmatic components. Cultural and individual linguistic diversity. "
62,Northwestern,RTVF 389-0 Practicum in Radio/Television/Film Research ,"Collaboration with a faculty member on design and execution of a media research project. Students learn how to construct and complete a research project and document results. Requires a paper or other form of work product as determined by the faculty member. RTVF 390-0 Directing Single-camera dramatic directing, including visualization and breakdown of scripts, camera blocking, and working with actors. Prerequisites: 190 and second-year standing (not through AP credits). RTVF 392-0 Documentary Production Students examine documentary practices and produce their own shorts. Prerequisites: 190 and second-year standing (not through AP credits). RTVF 393-0 2-D Computer Animation Animation techniques in the 2-D sphere and incorporation of visual design principles. Prerequisites: 190 and second-year standing (not through AP credits). RTVF 394-0 Experimental Media Production Creation of an experimental work as a linear film or video, an interactive website, an installation, a game, or a multidisciplinary performance. Prerequisites: 190 and second-year standing (not through AP credits). RTVF 395-0 Computer Animation: 3-D The fundamental concepts and techniques of 3-D computer modeling and animation. Use of concepts acquired in camera-based production techniques to create a rendered animation. Prerequisites: 190 and second-year standing (not through AP credits). "
63,Northwestern,"RTVF 397-1, 2 Advanced Directing I,Advanced Directing II ","Two-quarter sequence for students creating advanced artistic production, with critique of work throughout the production and postproduction process; conceptual resources offered as needed. Students may work in any genre (documentary, narrative, experimental) and any medium. Admission based on portfolio of previous media work and proposal for project, including script and budget. "
64,Northwestern,RTVF 398-0 Symposium: Issues in Radio/Television/Film ,"Special issues and topics in the analysis of radio, television, film, and popular culture. RTVF 399-0 Independent Study Prerequisite: consent of undergraduate dean after submission of petition. "
65,Northwestern,SESP 202-0 Introduction to Community Development ,"Historical and contemporary community-building efforts, focusing on Chicago’s neighborhoods. Community development strategies: the settlement house, community organizing, and community economic development. "
66,Northwestern,SESP 203-0 Human Development:Adulthood and Aging ,"Psychological, sociological, and biological factors influencing socialization and development from young and middle adulthood through old age. Influences of family, school, and work on the individual. "
67,Northwestern,SESP 295-0 Theory and Practice of Community Consulting ,Course on the importance of community capacity building and the community-consulting process; start of preliminary work for the Certificate in Civic Engagement capstone project. SESP 298-0 Student-Organized Seminar Courses proposed by students and supervised by faculty sponsors on special topics approved by the SESP undergraduate education director. May be taken only once per quarter; pass/ no credit only. Consultation with the SESP student affairs assistant dean advised. 
68,Northwestern,"SESP 299-1,2 Civic Engagement Capstone Research ","Independent study courses leading to completion of the Certificate in Civic Engagement capstone project. SESP 303-0 Designing for Social Change Processes, challenges, and ethics of designing programs, at home and abroad, for realizing human rights and meaningful social change. SESP 317-0 Gender and the Life Course How gender influences major life stages. Focus on the psychosocial effects of gender on children; young, midlife, and old adults; societal institutions; and selected social policy issues. SESP 319-0 Family Development in a Changing Society The family as a social institution; how it has been influenced and shaped by the shifting structure, demographics, and needs of society. SESP 320-0 Race and Education Conceptual underpinnings of the construct of race and how conceptions of race have influenced the course of education in the United States. SESP 351-0 Special Topics Advanced work on special topics. SESP 372-0 Methods of Observing Human Behavior "
69,Northwestern,HDPS 222-0 Career Development:Theory and Counseling ,"The career-development process and its relation to the world of work. Discussion of career-development theories. Focus on self-assessment; decision-making and job-seeking skills; and educational, occupational, and community information. HDPS 301-0 Introduction to Counseling Overview of theories, techniques, client systems, and service settings. HDPS 305-0 Identity and Motivation Examines the connection between conceptions of the self and goal-oriented motivation, with particular attention to the influence of social, structural, and cultural forces. HDPS 306-0 Developmental Psychopathology Study of models of risk and resilience, developmental pathways, and the transactional model of development. "
70,Northwestern,LOC 310-0 Learning Organizations for Complex Environments ,"Major change factors, including technology, globalization, and demographics, and their impact on organizations; how organizations are creating and responding to these changes through organizational design, learning systems, and human resource changes. LOC 311-0 Tools for Organizational Analysis Understanding cause-and-effect relationships pertaining to organizational behavior and performance. LOC 313-0 Learning and Thinking in Organizations Examines how human learning and thinking can facilitate organizational growth and change through methods such as instructional design, modeling, and evaluation of learning outcomes. "
71,Northwestern,"CRDV 310-1,2,3,4,5,6 Cooperative Engineering Education ",(0 units) Sequence of courses covering the work terms of students in the Walter P. Murphy Cooperative Engineering Education Program. Prerequisites: 301 and consent of department. 
72,Northwestern,"CRDV 311-1,2,3 Professional Engineering Internship ","(0 units) Series of courses designated for students pursuing the Business Enterprise Certificate, seeking University recognition of their internship experience, or participating in an approved internship during the regular academic year. Prerequisites: 301 and consent of department. "
73,Northwestern,PRDV 397-0 Selected Topics in Personal Development ,(.5 units) Topics of limited scope as suggested by faculty or students and approved by the McCormick Curriculum Committee. 
74,Northwestern,EECS 110-0 Introduction to Computer Programming ,"Introduction to programming practice using a modern programming language. Analysis and formulation of problems for computer solution. Systematic design, construction, and testing of programs. Substantial programming assignments. Not to be taken for credit with or after 111. "
75,Northwestern,EECS 111-0 Fundamentals of Computer Programming ,"Introduction to principles of programming and procedural thinking. Procedural abstraction, data abstraction, modularity, object-oriented programming. Use of the Scheme programming language and computer facilities. Substantial programming assignments, including numerical and symbolic programs. Required for the computer science degree. "
76,Northwestern,EECS 130-0 Tools and Technology of the World Wide Web ,"Introduction to the theory and practice of developing sites on and technology for the web. Basics of HTML, JavaScript, ASP, and CGI programming. "
77,Northwestern,EECS 203-0 Introduction to Computer Engineering ,"Overview of computer engineering design. Number systems and Boolean algebra. Logic gates. Design of combinational circuits and simplification. Decoders, multiplexers, adders. Sequential logic and flip flops. Introduction to assembly language. Application of concepts to a computer engineering design project. "
78,Northwestern,EECS 205-0 Fundamentals of Computer System Software ,"Basics of assembly language programming. Macros. System stack and procedure calls. Techniques for writing assembly language programs. Features of INTEL 8086/88-based PC. Interfaces between C and assembly codes. Prerequisite: 110 or GEN ENG 205-1,2,3,4; 203 recommended. "
79,Northwestern,EECS 211-0 Object-Oriented Programming in C++ ,Continuation of 111. Key concepts in software design and systems programming. Object-oriented programming 
80,Northwestern,EECS 212-0 Numerical Foundations of Computer Science ,"Basic concepts of finite and structural mathematics. Sets, axiomatic systems, the propositional and predicate calculi, and graph theory. Application to computer science: sequential machines, formal grammars, and software design. Prerequisite: MATH 230. EECS 213-0 Introduction to Computer Systems The hierarchy of abstractions and implementations that make up a modern computer system; demystifying the machine and the tools used to program it; systems programming in C in the UNIX environment. Preparation for upper-level systems courses. Prerequisite: 211 or 230. EECS 214-0 Data Structures and Data Management Design, implementation, and analysis of abstract data types; data structures and their algorithms. Topics include data and procedural abstraction, linked lists, stacks, queues, binary trees, searching, and sorting. Required for the computer science degree. Prerequisite: 211 or 230. EECS 221-0 Fundamentals of Circuits Circuit analysis and network theorems; linearity and superposition; series/ parallel combinations of R, L, and C circuits; sinusoidal forcing; complex frequency and Bode plots; mutual inductance and transformers; two-port networks; Fourier analysis; response of circuits to periodic nonsinusoidal sources. Prerequisite: 202. "
81,Northwestern,EECS 222-0 Fundamentals of Signals and Systems ,"Comprehensive introduction to analysis of continuous and discrete-time signals and systems. Linear time-invariant systems, convolution. Fourier series representations of periodic signals. Continuous- and discrete-time Fourier transforms. Laplace transform; z-transform. Prerequisite: 202. "
82,Northwestern,EECS 223-0 Fundamentals of Solid-State Engineering ,"Crystalline state of matter; quantum phenomena and quantum mechanics; electrons in atoms, atoms in crystals, electrons in crystals; semiconductors; thermal properties of crystals, electrical properties of crystals and semiconductors; p-n junction. Prerequisites: 202; PHYSICS 135-3; MATH 234. "
83,Northwestern,EECS 231-0 Advanced Programming for Computer Engineers ,"Object-oriented programming, classes and data hiding, dynamic object construction and destruction, derived classes and inheritance, virtual functions; file processing; introduction to UNIX; testing and test generation. Not to be taken for credit with or after 211 or 230. Prerequisite: 110 or knowledge of a programming language. EECS 250-0 Physical Electronics and Devices The physical basis of electronic and optoelectronic devices and their application in analog and digital systems. Diodes, transistors, LEDs, photodetectors, and lasers are described, and their properties explored. Prerequisites: 221; PHYSICS 135-2. EECS 270-0 Applications of Electronic Devices DC and AC networks, rectifiers, transistor amplifiers, feedback and operational amplifiers, digital electronics, and microprocessors. Not open to electrical engineering degree candidates. Prerequisites: MATH 224; PHYSICS 135-2; or equivalent. "
84,Northwestern,EECS 302-0 Probabilistic Systems and Random Signals ,"Basic concepts of probability theory and statistics, random variables, moments; multiple random variables, conditional distributions, correlation; random signals; applications to engineering systems. Prerequisite: MATH 234. EECS 303-0 Advanced Digital Logic Design Overview of digital logic design. Technology review. Delays, timing in combinational and sequential circuits, CAD tools, arithmetic units such as ALUs and multipliers. Introduction to VHDL. Prerequisite: 203. EECS 307-0 Communications Systems Analysis of analog and digital communications systems, including modulation, transmission, and demodulation of AM, FM, and TV systems. Design issues, channel distortion and loss, bandwidth limitations, additive noise. Prerequisites: 222, 302. "
85,Northwestern,EECS 308-0 Advanced Electromagnetics and Photonics ,"Electromagnetic waves, transmission lines; impedance transformation; transients on lines; electrostatics, conductors, and capacitors; magnetostatics and inductors; wave reflection and transmission; electromagnetic motor, "
86,Northwestern,EECS 317-0 Data Management and Information Processing ,"Data representation, file and record organization, linear and linked lists, and scatter storage techniques. Sorting and searching algorithms. Solving problems involving large databases. Not for computer science degree candidates. Prerequisite: 110, 111, or programming experience. EECS 321-0 Programming Languages Introduction to key parts of programming languages: syntax, semantics, and pragmatics. Implementation of a series of interpreters that show how various aspects of programming languages behave. Prerequisites: 111, 214. EECS 322-0 Compiler Construction Overview of compilers and context-free languages, top-down parsing, LL(1) parser construction, translation grammars, implementation of lexical analyzer, parser and translator, compiler optimization, error handling, and recovery. Prerequisite: 214. "
87,Northwestern,"EECS 325-1,2 Artificial Intelligence Programming ","Introduction to LISP and programming knowledge-based systems and interfaces. Strong emphasis on writing maintainable, extensible systems. Topics include semantic networks, frames, pattern matching, deductive inference rules, case-based reasoning, and discrimination trees. Project-driven. Substantial programming assignments. Prerequisite: 110, 111, or programming experience. EECS 328-0 Numerical Methods for Engineers Introduction to numerical methods; numerical differentiation, numerical integration, solution of ordinary and partial differential equations. Writing programs in FORTRAN, C, or Pascal using methods presented in class. Prerequisites: GEN ENG 205-1,2,3; MATH 220, 224, 230. EECS 329-0 Art of Multicore Concurrent Programming Concurrency disciplines and practical programming techniques for multicore processors; synchronization primitives, mutual exclusion, foundation of shared memory, lockings, nonblocking synchronizations, and transactional memory. EECS 330-0 Human-Computer Interaction Introduction to human-computer interaction and design of systems that work for people and their organizations. Understanding the manner in which humans interact with and use computers for productive work. Prerequisite: programming experience. "
88,Northwestern,EECS 331-0 Introduction to Computational Photography ,"Fundamentals of digital imaging and modern camera architectures. Hands-on experience acquiring, characterizing, and manipulating data captured using a modern camera platform. EECS 332-0 Introduction to Computer Vision Computer and biological vision systems, image formation, edge detection, image segmentation, texture, representation and analysis of two-dimensional geometric structures and of three-dimensional structures. Prerequisites: 214; IEMS 202; MATH 240. EECS 333-0 Introduction to Communication Networks Data communication basics. Telephone, cellular, cable, and computer networks. Layered network architectures, models, and protocols. Switching, routing, flow control, and congestion control. Medium access control, ARQ, and local area networks. Queuing models and network performance analysis. Prerequisite: 302; IEMS 202; MATH 320-1,2,3; or equivalent basic probability theory. "
89,Northwestern,EECS 335-0 Introduction to the Theory of Computation ,"Mathematical foundations of computation, including computability, relationships of time and space, and the P vs. NP problem. Prerequisite: 212 or consent of instructor. EECS 336-0 Design and Analysis of Algorithms Analysis techniques: solving recurrence equations. Algorithm design techniques: divide and conquer, the greedy method, backtracking, branch-and-bound, and dynamic programming. Sorting and selection algorithms, order statistics, heaps, and priority queues. Prerequisite: 111, 212, or consent of instructor. EECS 337-0 Natural Language Processing Semantics-oriented introduction to natural language processing, broadly construed. Representation of meaning and knowledge inference in story understanding, script/frame theory, plans and plan recognition, counterplanning, and thematic structures. Prerequisite: 348 or consent of instructor. "
90,Northwestern,EECS 338-0 Practicum in Intelligent Information Systems ,"A practical excursion into building intelligent information systems. Students develop a working program in information access, management, capture, or retrieval. Project definition, data collection, technology selection, implementation, and project management. EECS 339-0 Introduction to Database Systems Data models and database design. Modeling the real world: structures, constraints, and operations. The entity relationship to data modeling (including network hierarchical and object-oriented), emphasis on the relational model. Use of existing database systems for the implementation of information systems. Prerequisite: 214. EECS 340-0 Introduction to Networking A top-down exploration of networking using the five-layer model and "
91,Northwestern,EECS 347-2 Microprocessor System Projects II ,"Designing, prototyping, and testing individual projects involving microprocessors and related devices, such as PAL/FPGA and special-purpose ICs. Embedded-system tools such as special-purpose compilers and ICE (in-circuit emulation). Manufacturing issues such as PCB layout. Survey of microprocessor platforms. Prerequisite: 347-1. EECS 348-0 Introduction to Artificial Intelligence Core techniques and applications of AI. Representing, retrieving, and applying knowledge for problem solving. Hypothesis exploration. Theorem proving. Vision and neural networks. EECS 349-0 Machine Learning Study of algorithms that improve through experience. Topics typically include Bayesian learning, decision trees, genetic algorithms, neural networks, Markov models, and reinforcement learning. Assignments include programming projects and written work. Prerequisite: 348. "
92,Northwestern,EECS 352-0 Machine Perception of Music and Audio ,"Machine extraction of musical structure in audio and MIDI and score files, covering areas such as source separation and perceptual mapping of audio to machine-quantifiable measures. Prerequisite: 211, 231, GEN ENG 205-2, or prior programming experience in MATLAB. EECS 353-0 Digital Microelectronics Logic families, comparators, A/D and D/A converters, combinational systems, sequential systems, solid-state memory, large-scale integrated circuits, and design of electronic systems. Prerequisites: 203, 225. EECS 354-0 Network Penetration and Security Practical tools for vulnerability assessment and defense of computer and communication systems. Prerequisites: 213 or 205; 231; 333 or 340. EECS 355-0 Introduction to FPGA Design Overview of computer-aided design tool flow for ASIC and FPGA design. Synthesis from hardware description languages and creation of finite-state machines. Differences between FPGA and ASIC design flows. Exploration of concepts in several projects. Prerequisite: 303. "
93,Northwestern,EECS 371-0 Knowledge Representation and Reasoning ,"Principles and practices of knowledge representation, including logics, ontologies, common-sense knowledge, and semantic web technologies. Prerequisite: 348, 325, or equivalent experience with artificial intelligence. "
94,Northwestern,EECS 386-0 Computational Electromagnetics and Photonics ,Introduction to the finite-difference time-domain (FDTD) method in numerical modeling of electromagnetic and optical wave interactions with engineering structures. Finite differences; Maxwell’s equations; numerical dispersion and stability; free-space and waveguide field sources; absorbing boundary conditions; material dispersions and nonlinearities; modeling examples in modern electromagnetic and optical engineering. Prerequisite: 308. 
95,Northwestern,EECS 389-0 Superconductivity and Its Applications ,"Properties of materials in the superconducting state; charge flow dynamics of type II superconductors; high-Tc superconductors; applications for computers and high-frequency devices. Prerequisite: 381 or consent of instructor. EECS 390-0 Introduction to Robotics Homogeneous vectors and planes; homogeneous transformation, position and orientation transformations, kinematics and inverse kinematic solutions of robot manipulators; Jacobian and inverse Jacobian relation; robot trajectory and task planning; dynamic formulation and computation of robot manipulators; robot programming and control systems. Prerequisite: 230. EECS 391-0 CMOS VLSI Circuit Design Design of modern CMOS very large–scale integrated (VLSI) circuits. EECS 392-0 VLSI Systems Design Projects Design of a cutting-edge VLSI chip. Teams of 5 to 10 students undertake a large circuit design problem, going from specification to VLSI implementation while optimizing for speed, area, and/or power. Group collaboration and engineering design. Prerequisite: 391. "
96,Northwestern,EECS 394-0 Software Project Management and Development ,"Software development methodologies. Object-oriented analysis and design, CASE tools, software life cycle. Project management tools, programming teams. Executable specifications, automatic test generation. Prerequisite: 343 or equivalent programming experience. "
97,Northwestern,"IEMS 210-0 Methods, Standards, and Work Design ","Introduction to traditional topics in industrial engineering, including time study, work measurement, standards, and design. Enables industrial engineering students to understand and assume traditional industrial engineering roles upon graduation. Prerequisite: knowledge of probability and statistics. IEMS 225-0 Principles of Entrepreneurship Introduction to essential elements of building one’s own business, from brainstorming ideas and assessing opportunities to pitching a business idea. History of entrepreneurship and the entrepreneurial psyche. Business plan fundamentals, including strategy, finance, accounting, marketing, operations, and choosing the ideal management team. Taught with ENTREP 225; may not receive credit for both courses. May not be taken after 325. "
98,Northwestern,IEMS 295-0 Introductory Topics in Industrial Engineering ,"Topics suggested by students or faculty members and approved by the department; taught at an intermediate level. IEMS 303-0 Statistics Introduction to the foundations of statistics and statistical computing for data analysis and their applications. Descriptive statistics and statistical inference for estimation, testing, and prediction. May not receive credit for both 303 and any of 201, STAT 210, BMD ENG 220, or CHEM ENG 312. May not be taken for credit with or after STAT 320-1. Prerequisite: 202 or equivalent; EECS 111 recommended. IEMS 304-0 Statistical Learning for Data Analysis Predictive modeling of data using modern regression and classification methods. Multiple linear regression; logistic regression; pitfalls and diagnostics; nonparametric and nonlinear regression and classification such as trees, nearest neighbors, neural networks, and ensemble methods. Prerequisites: 303 and EECS 111 or equivalents. "
99,Northwestern,IEMS 305-0 Statistical Methods for Quality Improvement ,"Methods for controlling and improving industrial processes. Control charts; process capability; gage repeatability and reproducibility. Multifactor experiments; screening experiments; robust design. Homework, labs, and project. Prerequisite: 201, 303, or equivalent. IEMS 306-0 Decision Analysis Theory and practice of analyzing decisions in the public and private sectors. Multiple objectives; influence diagrams; decision trees; sensitivity analysis; probability assessment; utility; human biases. Problems, cases, and projects. Prerequisite: 202 or equivalent. "
100,Northwestern,IEMS 307-0 Quality Improvement by Experimental Design ,"Methods for designing and analyzing industrial experiments. Blocking; randomization; multiple regression; factorial and fractional factorial experiments; response surface methodology; Taguchi’s robust design; split plot experimentation. Homework, labs, and project. Prerequisite: 201, 303, or equivalent. IEMS 310-0 Operations Research Survey of operations research techniques. Linear programming, decision theory, stochastic processes, game theory. May not be taken for credit with or after 313. Prerequisites: 201 or 202; GEN ENG 205-1 or MATH 240. IEMS 313-0 Foundations of Optimization Formulation and solution of applicable optimization models, including linear, integer, nonlinear, and network problems. Efficient algorithmic methods and use of computer modeling languages and systems. Homework, exams, and project. Prerequisites: EECS 111; GEN ENG 205-1; MATH 230; sophomore standing. IEMS 315-0 Stochastic Models Fundamental concepts of probability theory; modeling and analysis of systems having random dynamics, particularly queueing systems. Prerequisites: 202 and concurrent enrollment in 303; GEN ENG 205-1. IEMS 317-0 Discrete-Event Systems Simulation Computer simulation of discrete-change systems subject to uncertainty. Choice of input distributions; development of models; design and analysis of simulation experiments. Miniprojects, exams, and computer labs. Prerequisites: 303; 310 or 315. IEMS 325-0 Engineering Entrepreneurship Overview of the entrepreneurial process from an engineering perspective. Idea generation, planning, financing, marketing, protecting, staffing, leading, growing, and harvesting. Students write startup business plans. Lectures, guest speakers, and case studies. Taught with ENTREP 325; may not receive credit for both courses. Prerequisite: 1 course in accounting or finance such as CIV ENV 205 or BUS INST 260. IEMS 340-0 Field Project Methods Use of field research methods to solve management problems. Assignments focus on individual student projects. Students define projects, design field studies and pilot tests of data collection instruments, and present results. Prerequisite: consent of instructor for students who are not degree candidates. IEMS 341-0 Social Network Analysis The use of social network analysis to understand the growing connectivity and complexity in the world around us on different scales, ranging from small groups to the World Wide Web. How we create social, economic, and technological networks, and how they enable and constrain attitudes and behaviors. IEMS 342-0 Organizational Behavior Manager’s view of tools available to recruit, develop, appraise, compensate, organize, and lead a team going through change. Application of psychological principles relating to human dynamics, motivation, teams, power, and organizational culture. "
101,Northwestern,IEMS 382-0 Production Planning and Scheduling ,"Applications of operations research methods to practical problems of production planning and inventory control. Forecasting; aggregate planning; deterministic and stochastic inventory models; MRP; JIT; variability; scheduling in production and service systems. Case studies, homework, and exams. Prerequisites: 202; 310 or 313. IEMS 383-0 Service Operations Management Exploration of service industries: cost-reduction and service-enhancement models, location planning, workforce scheduling, yield management, queuing analysis, and call-center management. Prerequisites: 313, 315. "
102,Northwestern,IEMS 385-0 Introduction to Health Systems Management ,"Health systems, lean concepts, patient-flow analysis, inference, and data-driven knowledge generation, decisions, and change. Forecasting, operations, and optimization of health resources. Prerequisites: 303, 313. IEMS 390-0 Systems Management Introduction to systems problems and methods. Small-group development of potential classwide projects to be carried out the following quarter. Identifying projects, team skills, presenting plans and proposals. IEMS 392-0 Systems Project Management Project management methods applied to analysis and design of a complex real-world system. Selection and implementation of a single classwide project. Planning, organizing, staffing, directing, and controlling; working with clients and stakeholders. Prerequisite: junior standing. IEMS 393-1,2 Industrial Engineering Design Project 1. Case studies and small-scale projects involving application of operations research techniques to complex-decisions problems. Mathematical modeling, optimization, and policy analysis in public- and private-sector systems. Written and oral presentations of analyses. Prerequisites: 313, 315, concurrent enrollment in 317, and senior standing. 2. Large-scale, open-ended team projects from selected fields of industrial engineering. Systems approach requiring establishment of objectives and criteria, analysis and synthesis of alternatives, feasibility, trade-offs, testing, and evaluation. Written and oral reports. Prerequisite: 393-1. IEMS 395-0 Special Topics in Industrial Engineering Topics suggested by students or faculty members and approved by the department. IEMS 399-0 Independent Study Independent study on an industrial engineering topic supervised by a faculty member. "
103,Northwestern,DSGN 240-0 Introduction to Solid Modeling: SolidWorks ,(.5 units) Solid modeling by creating three-dimensional shapes through two-dimensional sketches. Assemblies of individual parts. CAD modeling theory; modeling objects using different approaches for creating identical features. Lecture balanced with hands-on use of SolidWorks. 
104,Northwestern,DSGN 245-0 Introduction to Computer-Aided Design I: NX ,"(.5 units) Introduction to CAD software. Students develop solid models, detailed drawings, and product assemblies. "
105,Northwestern,DSGN 246-0 Introduction to Computer-Aided Design II: NX ,"(.5 units) Building more complex shapes such as splines and other developed curves, building sheets through one or more sets of curves, and applying specially shaped transitions between faces. Sequence may not be repeated for credit. DSGN 253-0 Managing Student-Run Projects Program management, structure, and control for complex, multi-year efforts such as the vehicle teams, a startup business, and other student-run activities. Developing a team vision, designing strategy, and preparing a multiyear business plan using a combination of casework and a team project. DSGN 295-0 Introductory Topics in Design Topics suggested by students or faculty members and approved by the institute; taught at an intermediate level. "
106,Northwestern,DSGN 297-0 Intermediate Topics in Engineering Design ,"(.5 units) Topics suggested by students and faculty and approved by the institute. DSGN 305-0 Human-Centered Service Design Design of new or improved services that tap deeply into people’s needs for connectedness, belonging, and autonomy. Project outcomes may include organizational structures, service designs, and designed products. Prerequisite: 106-1 or 208. DSGN 306-0 User Experience Design Hands-on course covering the full range of user experience design, from screen-based experience to interaction with physical products to end-to-end environment design. Prerequisite: 106-1 or "
107,Northwestern,JOUR 290-0 Introduction to Media Design for Nonmajors ,"Introduction to visual communications in print and digital formats and the fundamental skills of design. Visual thinking, composition, color, and typography. In-class presentation and evaluation of design solutions. Lectures, demonstrations, and at least one client-based project. JOUR 301-0 Journalism in Practice Practice of reporting, editing, and storytelling skills through topical writing and research assignments. Learning to develop diverse sources and incorporate audio, visual, and multimedia elements for news, magazine, and other audiences. Readings, discussion, and experiential opportunities. Prerequisites: 201-1,2 and Medill sophomore standing. JOUR 302-0 Media History Media history’s influence today’s world: Who has had the power to tell the stories that shape people’s lives? Who has consumed or been affected by those stories? Whose stories have been neglected or distorted? Special attention on journalists who have challenged governments and other powerful institutions; the changing media landscape in the digital age. "
108,Northwestern,JOUR 310-0 Media Presentation: Newspaper/Online ,"Essentials of newspaper editing and online production, including headlines, page layout and design, photo "
109,Northwestern,JOUR 321-0 Storytelling: Magazine and Feature Writing ,"The craft of magazine and feature writing, with emphasis on character, scene and theme development, story architecture, voice, alternative story forms, in-depth reporting, public service journalism, and marketing ideas for articles. Prerequisite: 301. "
110,Northwestern,JOUR 331-0 Chicago Speaks: Listening for Power and Place ,Exploration of Chicago’s diverse racial and ethnic makeup through oral history and storytelling techniques that engage students with neighborhood residents and stakeholders. May fulfill diversity curricular requirements. Prerequisite: sophomore standing (Medill or non-Medill). 
111,Northwestern,JOUR 332-0 Coverage of Gender and Sexual Minorities ,"Examination of social science research on LGBT communities and translating it for specialized and general audiences. Topics include research aims and limitations; reporting on underrepresented groups; finding fresh angles and credible sources; contextualizing stories of local, national, and international reach. Prerequisite: sophomore standing (Medill or non-Medill). JOUR 333-0 Bilingual Reporting Bilingual course exploring bilingual media targeting the Latino audience. Immersed in Chicago’s vibrant Latino community, students write and produce multimedia stories and communications in Spanish and English. Prerequisite: sophomore standing. "
112,Northwestern,JOUR 340-0 Innovation in Journalism and Technology ,"Students interested in journalism or computer science work together to conceive and build new kinds of tools and technology for distributing and consuming news and information. JOUR 341-0 Journalism in a Networked World Network science behind today’s media workings. How people find and share content on the web. Practical skills in using web analytics tools, search-engine optimization techniques, and social media strategies. "
113,Northwestern,"JOUR 384-0 Covering Washington, DC, as a Mobile Journalist ","(2 units) Hands-on experience as a mobile journalist on a beat, producing up-to-the-minute political stories for the Medill on the Hill website. Focus on instant news gathering and multimedia reporting, especially for a young audience. Practice meeting deadlines and applying innovative storytelling skills. Prerequisite: consent of director of undergraduate education. JOUR 395/396-0 Journalism Residency (2–4 units) Students spend an entire academic quarter alongside veteran journalists and marketing professionals, gaining hands-on, real-world experience. Prerequisites: 370; 2 approved 300-level journalism or IMC courses. JOUR 388-0 Internship (0 units) Student-initiated internships in journalism. Supervised by Medill’s career services director. Prerequisites: sophomore standing and consent of Medill’s career services director. JOUR 388-1 Undergraduate Research (0 units) Student-initiated research projects. JOUR 388-2 Post-Trip Projects (0 units) Student projects after a Medill reporting trip. JOUR 390-0 Special Topics (1 unit) Specialized experimental courses offered from time to time by faculty. Topics may include journalism in a networked world and depth reporting using documents and databases. Prerequisites: vary depending on the course. JOUR 391-0 Special Topics (.5 unit) Courses, such as Strategies for Career Success, offered for one-half of a quarter. JOUR 399-0 Independent Study Academic work sponsored and supervised by a faculty member working one-onone with the student. Prerequisite: consent of director of undergraduate education. "
114,Northwestern,IMC 303-0 Integrated Marketing Communications Strategy ,"Consumer insight and research, market segmentation, brand positioning, communication messages, and media decisions. Brand communications integrated with other aspects of marketing, including product strategy, pricing, and retailing. Case studies and writing-intensive assignments. Prerequisites: 301, 302, and admission to IMC Certificate Program. IMC 304-0 Media and Message Delivery The contemporary media landscape and how brand communications adapt to media technology and usage. Current case studies are used to understand the transition from passive consumption of traditional media to active participation in digital and social media. Engaging and communicating effectively with consumers through media. Prerequisites: 303 and admission to IMC Certificate Program. "
